{"noiseKey":{"private":{"type":"Buffer","data":"CKwa2XGfzkWASj5oaubduHpbVHqTDbm0J318NQCc12Y="},"public":{"type":"Buffer","data":"IqugnHRWOuAV6BFEGaNOiY5UweMibzBnrItiYEYDlQI="}},"pairingEphemeralKeyPair":{"private":{"type":"Buffer","data":"kE0vKLY2db9F2n5FSaFMi3Ztq8EoDc2374umt+08n0c="},"public":{"type":"Buffer","data":"Hr6ZTT3I7gVLX2e3LPAzuXhPhAfH06eYXOnJFr6pMn4="}},"signedIdentityKey":{"private":{"type":"Buffer","data":"4Cr7kEwbfmKchoClI86T6UZzRVEnOzix0V5lgpGgJUY="},"public":{"type":"Buffer","data":"qwH3AWdaKUnekml0lnA6N2EerGBSLwqGkPmiMPuwrh4="}},"signedPreKey":{"keyPair":{"private":{"type":"Buffer","data":"YDh0Qn+Rn/gcqkSdvoJKRKYkFPWYMu+vyB5qpmcH73E="},"public":{"type":"Buffer","data":"9xi3WuTW8pLAmY24gCU/VcQBJ7HSrqUtDqPuDsIHZg8="}},"signature":{"type":"Buffer","data":"Xxf2SyqR6f1Rn1IAyY94Ba26A0fgbdL3KDsiWnUzOyuieF8q+qfVfN3RVl8zCijJ8FOLO5f3SCBHYKKKuIWThw=="},"keyId":1},"registrationId":186,"advSecretKey":"QLCaKfhoG3g6GiWQAkjpvbC48cmrP2HyZwdJKS8KDzo=","processedHistoryMessages":[{"key":{"remoteJid":"6285220909973@s.whatsapp.net","fromMe":true,"id":"3AC29941AD424C5161CA"},"messageTimestamp":1751104607},{"key":{"remoteJid":"6285220909973@s.whatsapp.net","fromMe":true,"id":"3ADB966CE199F3ED1D89"},"messageTimestamp":1751104611},{"key":{"remoteJid":"6285220909973@s.whatsapp.net","fromMe":true,"id":"3A3D9979DD7A6239B165"},"messageTimestamp":1751104621},{"key":{"remoteJid":"6285220909973@s.whatsapp.net","fromMe":true,"id":"3AA94183F0DA6274AEFB"},"messageTimestamp":1751104628},{"key":{"remoteJid":"6285220909973@s.whatsapp.net","fromMe":true,"id":"3AD1D0720BD95FD0A848"},"messageTimestamp":1751104638},{"key":{"remoteJid":"6285220909973@s.whatsapp.net","fromMe":true,"id":"3A56452E78354D7355D2"},"messageTimestamp":1751104643},{"key":{"remoteJid":"6285220909973@s.whatsapp.net","fromMe":true,"id":"3ADDD568FFAFE3B8A3AB"},"messageTimestamp":1751104647},{"key":{"remoteJid":"6285220909973@s.whatsapp.net","fromMe":true,"id":"3AA6CD72F1A3E35D7C22"},"messageTimestamp":1751104661},{"key":{"remoteJid":"6285220909973@s.whatsapp.net","fromMe":true,"id":"3AAA23E0CDDA5572C7FD"},"messageTimestamp":1751104661},{"key":{"remoteJid":"6285220909973@s.whatsapp.net","fromMe":true,"id":"3A94566E77B00CAAAF8A"},"messageTimestamp":1751104663}],"nextPreKeyId":583,"firstUnuploadedPreKeyId":583,"accountSyncCounter":1,"accountSettings":{"unarchiveChats":true},"deviceId":"QCUW5zMFRyiG5KXAhXKLsQ","phoneId":"5d0f7387-bddb-47a9-9aef-b71ac56d56ef","identityId":{"type":"Buffer","data":"EKuUbhIBHhmZG+E+5Z1ejw7q8UU="},"registered":false,"backupToken":{"type":"Buffer","data":"dCEB/5SyIDW5TZA+he7MoLJsmCY="},"registration":{},"account":{"details":"CKOM8L8MEM74/sIGGAMgACgA","accountSignatureKey":"dSEFRb4rTz7/KUjMyskylr3GaR+Jl/ZcJPb9aRh4viU=","accountSignature":"GA7Z3DQhqqvgll/1MMybsXOJG2D5FS/PoIQBXoOJ7FfePRPWRLx8qUSJx5KqE2EB7Vlm63L4LGSbecqLbYdFDQ==","deviceSignature":"nRdnSLIjrPSCYSpo/VH8vSZeewCxkcdn47/GvOjFNMiWUkNb4FIiiinewpqTVRXAZHdJ0ZV2M7aMZX2dW6Rmhg=="},"me":{"id":"6285220909973:24@s.whatsapp.net","name":"Agrie R."},"signalIdentities":[{"identifier":{"name":"6285220909973:24@s.whatsapp.net","deviceId":0},"identifierKey":{"type":"Buffer","data":"BXUhBUW+K08+/ylIzMrJMpa9xmkfiZf2XCT2/WkYeL4l"}}],"platform":"iphone","lastAccountSyncTimestamp":1751430589,"myAppStateKeyId":"AAAAAFSe"}