[{"senderKeyId":1164729801,"senderChainKey":{"iteration":2,"seed":"p34kSG5JQYAJVdYYEK98lHKbMG5cVxBr40qv9ocyvfw="},"senderSigningKey":{"public":"Bf9WEWSFLetDj28aHDCuDKuL3eZi3BQpg7gYiMB5h1Bp"},"senderMessageKeys":[]},{"senderKeyId":1164729801,"senderChainKey":{"iteration":1,"seed":"cvK+ku2Zp549UGqUaqA8Wc67rC9Uvplqzt+WVLpbc54="},"senderSigningKey":{"public":"Bf9WEWSFLetDj28aHDCuDKuL3eZi3BQpg7gYiMB5h1Bp"},"senderMessageKeys":[]},{"senderKeyId":1113031303,"senderChainKey":{"iteration":1,"seed":"2PRjg3+Rhqz1Y50i3SKW4+STFu3ENAZbz1QqXnC7BeI="},"senderSigningKey":{"public":"BVTdKZjk93/fxpaHp+x0kPmJ4XtdH2e9Q0O3gfW5XddN"},"senderMessageKeys":[]}]