[{"senderKeyId":408597229,"senderChainKey":{"iteration":1,"seed":"LzWG+hxhCVVgumAs0k+FtuP+0Ya+urMwm64v1tV2xf8="},"senderSigningKey":{"public":"BUy2FzuhSVYaxRYj/3683eTpPBmIspIZQ9YPqDCxZEE9"},"senderMessageKeys":[]},{"senderKeyId":12464554,"senderChainKey":{"iteration":1,"seed":"wNgHJFntzMbIQVrZqYpsMn2Xul3uvlyRRXodjaZu11Q="},"senderSigningKey":{"public":"BXjEnhkeaM1Nl58Ttx9ul7pLxsYk+QY7Uj4HbQ9c2OZW"},"senderMessageKeys":[]},{"senderKeyId":514284480,"senderChainKey":{"iteration":1,"seed":"9mHXSbQZdTYUWx6odYQKb8ZjaaJyFfHZHgHTyxf5JL4="},"senderSigningKey":{"public":"BWoF3Uwmmmt8cfYlYX9wnXzN8VR0O9ibwi1vuYzJW8x1"},"senderMessageKeys":[]},{"senderKeyId":1005122672,"senderChainKey":{"iteration":1,"seed":"dN6I+NEYgr+10XG2qwoPaeA0TeCkkJmRfvvjQvoY24Q="},"senderSigningKey":{"public":"BZzgmNabBMMurmBbVYgsU+Sb22tu9EUl1hpgO8piCHh1"},"senderMessageKeys":[]},{"senderKeyId":282640458,"senderChainKey":{"iteration":1,"seed":"65VKKOuYd3sXqTD87KBD8d4BS8xcs6Ak0c44MRalzLM="},"senderSigningKey":{"public":"BZnojVz5yMwlJbJA/UInnHnmdAuFsmUoIPi0ApMhq+Jr"},"senderMessageKeys":[]}]