[{"senderKeyId":1431918345,"senderChainKey":{"iteration":1,"seed":"YOqrws1Q2iARoj1P3DkZC6OYG8Ke3ha44s3jSkzjm7Q="},"senderSigningKey":{"public":"BUDUyFskkhLoTjL4c5ovek8IIkuqlDyGTX8qrsj5KAk8"},"senderMessageKeys":[]},{"senderKeyId":1570249282,"senderChainKey":{"iteration":1,"seed":"g7pj/wIHLoJ1QmhmKcF+ncahybM2jIBpsdbQLhY3xiw="},"senderSigningKey":{"public":"Bb64fqCrXzWbJO06S7QGH9hdvOEhL20qRzvFPIOO3HoI"},"senderMessageKeys":[]},{"senderKeyId":1940078576,"senderChainKey":{"iteration":1,"seed":"o3Y1ZUP8BBqCAzKwXdpA0juHj27vTo79vKpZcg2UDQE="},"senderSigningKey":{"public":"BV7/QW9+cnvldhDH37jKCbQnRtgaauVtoVlHCDY0haBJ"},"senderMessageKeys":[]},{"senderKeyId":1544825687,"senderChainKey":{"iteration":1,"seed":"PDhNHMgIx1NQpJ21j5A3WV8HrFch52tA/ONSRg10zx4="},"senderSigningKey":{"public":"BWZqAhNmNgODE4e0rekgY15MaSWuKS2E96G3/occq3Rp"},"senderMessageKeys":[]}]