[{"senderKeyId":96181841,"senderChainKey":{"iteration":3,"seed":"1fFi3wNtsOy9RvIPoWCNgdiufywlx4CDKDBIuz4bxSs="},"senderSigningKey":{"public":"BaYlp+tVQPkkrAh0VI2BrOZl7sA2FmcN9Eez5kqrP59P"},"senderMessageKeys":[]},{"senderKeyId":345775417,"senderChainKey":{"iteration":6,"seed":"J2NH/n6ZDi3b4JZlbvv6TCnJYUNmga+Q4xVZJNfz9u4="},"senderSigningKey":{"public":"BWxMfyTq+/w6MYPArXigsAjVXs9/DS+x1Oap3CcSlnse"},"senderMessageKeys":[]},{"senderKeyId":345775417,"senderChainKey":{"iteration":4,"seed":"tvV/BQPcNCMrytofxc8irCjkXotK69I20qO6wKcmu48="},"senderSigningKey":{"public":"BWxMfyTq+/w6MYPArXigsAjVXs9/DS+x1Oap3CcSlnse"},"senderMessageKeys":[]},{"senderKeyId":345775417,"senderChainKey":{"iteration":5,"seed":"BcB02tcbsejdXHdGMXPCaoHLJIgoslp/QTg0my45HNk="},"senderSigningKey":{"public":"BWxMfyTq+/w6MYPArXigsAjVXs9/DS+x1Oap3CcSlnse"},"senderMessageKeys":[]},{"senderKeyId":938598397,"senderChainKey":{"iteration":3,"seed":"HJ9u016YoZ95mRf++2ZrGsHb+EneSJwA1aGLhnep3KY="},"senderSigningKey":{"public":"BRIH247pqkZD692mnvVzd2NaCnk/tNYBg5BJe2LZHetQ"},"senderMessageKeys":[]}]