[{"senderKeyId":1396096098,"senderChainKey":{"iteration":1,"seed":"IgTyvKduDrXcOPVs8KJgEA6fJnU6I5mBvPrtkheeoPk="},"senderSigningKey":{"public":"BaC5O3v7kUPxyDUtQ5fUN4q1ni0P9v1Zie+YxD5ehwNv"},"senderMessageKeys":[]},{"senderKeyId":1156245898,"senderChainKey":{"iteration":1,"seed":"cxQtSScMF48Y7EvtnfNAZQvc8riJYDB8lXM5LCe/K6U="},"senderSigningKey":{"public":"BePK9utlrRR89g/BugHO0//uJsaq1VGHhR0FCCy9Sw5e"},"senderMessageKeys":[]},{"senderKeyId":1852318919,"senderChainKey":{"iteration":3,"seed":"2DzkffXkpqVAxPog2awdkLu8hzh6zP76RW702B60xZA="},"senderSigningKey":{"public":"BRYYt+/dAbbBpco4wr2ZGsOSfS7bCItTO8tNw5LQzOMl"},"senderMessageKeys":[]},{"senderKeyId":1852318919,"senderChainKey":{"iteration":1,"seed":"mzZGZz1FEhqrQ9wT12dRHdwzQDUTBrKKuF5SFeQbMHA="},"senderSigningKey":{"public":"BRYYt+/dAbbBpco4wr2ZGsOSfS7bCItTO8tNw5LQzOMl"},"senderMessageKeys":[]},{"senderKeyId":1852318919,"senderChainKey":{"iteration":2,"seed":"2SxOIPNkTOXuswxlUIK9J/eM1s2KmqJfEyWb6LZphDE="},"senderSigningKey":{"public":"BRYYt+/dAbbBpco4wr2ZGsOSfS7bCItTO8tNw5LQzOMl"},"senderMessageKeys":[]}]