[{"senderKeyId":846514781,"senderChainKey":{"iteration":3,"seed":"dAfxyw3kDCXh+vqQyHeQnS909qCQRVZwpfkOI5p5m18="},"senderSigningKey":{"public":"BfsoiZkRoIwpQfvfKQTg4vXN8Yo/ZhTL15ux5f5RujQ8"},"senderMessageKeys":[]},{"senderKeyId":846514781,"senderChainKey":{"iteration":2,"seed":"d4zIlToZiGZ0Iz67WhRwp3mqfNyMU5zv/ZCW5+/ghN8="},"senderSigningKey":{"public":"BfsoiZkRoIwpQfvfKQTg4vXN8Yo/ZhTL15ux5f5RujQ8"},"senderMessageKeys":[]},{"senderKeyId":1139456232,"senderChainKey":{"iteration":2,"seed":"odMx3Do+f3MKnIcsEfqfTmJUeXcdDTYA79D9bSWzMzc="},"senderSigningKey":{"public":"BbaQIgb161NpQNTrSB3acFDvgmLZqCzfRBO7EJ54Q+lM"},"senderMessageKeys":[]},{"senderKeyId":1139456232,"senderChainKey":{"iteration":1,"seed":"BPiwpxMUWdgP7Ng5dEVq3lTFSwvQxRUZr47tLm3ql6w="},"senderSigningKey":{"public":"BbaQIgb161NpQNTrSB3acFDvgmLZqCzfRBO7EJ54Q+lM"},"senderMessageKeys":[]}]