[{"senderKeyId":707521020,"senderChainKey":{"iteration":1,"seed":"pK11hGfeefYeY/xVUciFAyjuiIUh4mpUtUUYwZAlzmA="},"senderSigningKey":{"public":"BfMRPY7J8QvtHmsTlfge69zHO5WOX/7XPH0O6bMf82NM"},"senderMessageKeys":[]},{"senderKeyId":1956769271,"senderChainKey":{"iteration":1,"seed":"BpOU5ToOMQ50RA22bq28oMbMGVzJoIrZT2zk6rKgCjI="},"senderSigningKey":{"public":"BZYRTr+FLC7IylesTwkhy39YbJgSUYB3wZASqHsk+XU+"},"senderMessageKeys":[]},{"senderKeyId":2062711152,"senderChainKey":{"iteration":1,"seed":"3tgWiGOlsBHyao5SLt5cuyLHWYD6R8eOiiwbT0WPR84="},"senderSigningKey":{"public":"BSRmd+nsKP024oaLV15TuRYnZyIwFrLoZKAmjBHGXw04"},"senderMessageKeys":[]},{"senderKeyId":1611635144,"senderChainKey":{"iteration":8,"seed":"0XnmSVNkytriWhNMK7vnflYWOxlajV7t6ney/K6oifY="},"senderSigningKey":{"public":"BRay0PYJNkEiNsbUwrqw7sogXFDoi+AYXw0L9p5MMQtS"},"senderMessageKeys":[]}]