[{"senderKeyId":1414709745,"senderChainKey":{"iteration":1,"seed":"H2elPMcOlgfYITa9hkaM2IoSCqMsc+t1fsqxPdInNWM="},"senderSigningKey":{"public":"BUFcJBYBDTgRzs87nTI2Lqqy1B+akvtyABX8PvGvsbxh"},"senderMessageKeys":[]},{"senderKeyId":2021822619,"senderChainKey":{"iteration":2,"seed":"0msM7N/vVhMXRGW5DNptOSpA9wKQ/Vq4VnkVb1xp7Io="},"senderSigningKey":{"public":"Bcb78iR05DNu/XS1dWbEtJd45XYzaznD/KQCgSt6FcBB"},"senderMessageKeys":[]},{"senderKeyId":343718538,"senderChainKey":{"iteration":2,"seed":"2K0mJtW6l4FTS5M0CDbXM/IWDLDaqgbDuK4wYxPs4K0="},"senderSigningKey":{"public":"BTUHAIeeHyS1J8sia9wmpo6l8wi37/E404AmmGcFipts"},"senderMessageKeys":[]},{"senderKeyId":343718538,"senderChainKey":{"iteration":1,"seed":"674vIgqEsCxjzIRjlcuO/99eDEjH74n0u+Nx1R+Ln5E="},"senderSigningKey":{"public":"BTUHAIeeHyS1J8sia9wmpo6l8wi37/E404AmmGcFipts"},"senderMessageKeys":[]},{"senderKeyId":1211205917,"senderChainKey":{"iteration":3,"seed":"fkUDl6PVipXqCTzneS8NR8n2H8ojHGoqBY8Cw7DjqMk="},"senderSigningKey":{"public":"Bc8+sgpvBCLcswiN2TQwcRnIMI/OmwYBGHQWlDdeUkV2"},"senderMessageKeys":[]}]