[{"senderKeyId":951804881,"senderChainKey":{"iteration":1,"seed":"iaWrJGN63ChOHYnYRnzG6d8cmvOq3DTG/R89Y9q8+DM="},"senderSigningKey":{"public":"Bdr8jtIbxKeD0/8LbJcE3Uz6NE0566lBXHBpffkbQPE5"},"senderMessageKeys":[]},{"senderKeyId":1864933973,"senderChainKey":{"iteration":1,"seed":"Le3sgi1W6sleqQfO2kjP+f/vnpWRuXB7+TfBh4NgrlU="},"senderSigningKey":{"public":"BSwlefvf3nKjNqLL4Y2Bu4z9h98u5vO1cGkrAgTaVK9H"},"senderMessageKeys":[]},{"senderKeyId":262877660,"senderChainKey":{"iteration":5,"seed":"35nuXRAWGdfQOV3UVEtenNtkKKNKvPstJXu0S3Kzgj0="},"senderSigningKey":{"public":"BXtXzBgneljiH+YkG1xRQe/TL5KdzhPq65ROJRoIbaUG"},"senderMessageKeys":[{}]},{"senderKeyId":1564247378,"senderChainKey":{"iteration":3,"seed":"beBLqHcKzmX/DxmNzxmmzW8ZGx+bHe/cKh3fjzBzU6g="},"senderSigningKey":{"public":"BVpDt9HdiiuF9rX0CPmuucNOLVFcrGmxBPuhD6VLpDtM"},"senderMessageKeys":[]},{"senderKeyId":337066650,"senderChainKey":{"iteration":3,"seed":"R6Uy2ceanqliMWAo5SknLFyGmJQ7vW2i3SYN76Xj8f8="},"senderSigningKey":{"public":"BfPUNDZ03SAlB3/lr0tT0kqtRmH4TeuErkHG1W9YCKxW"},"senderMessageKeys":[]}]