[{"senderKeyId":568586681,"senderChainKey":{"iteration":2,"seed":"sDP8j32TDOv+e++OeEDqSszgsKPLZeM1actnrC74yiY="},"senderSigningKey":{"public":"BYd+WTTXsri/K6QYCEl8ncJhobpOFw8t0ww7ePYPUKcP"},"senderMessageKeys":[]},{"senderKeyId":974008138,"senderChainKey":{"iteration":1,"seed":"4l8t9xUo4UO5MPHpxA8MzmxbYmmnDoJsX6JtrkPbggw="},"senderSigningKey":{"public":"BeMNhCHgrkkMOUC9t1Jwb4qOcKp1ltQ/aCcE8vRA4ZUp"},"senderMessageKeys":[]},{"senderKeyId":1591253740,"senderChainKey":{"iteration":2,"seed":"rBCw8eZiyt1pKEuNuiT/hgk4B/ww7YTyeVgwlM8S6dg="},"senderSigningKey":{"public":"BQhGlsdRxfuZRlUb3tkavS/rMkosyWyx0Ey1EfRt5UwM"},"senderMessageKeys":[]}]