[{"senderKeyId":105023514,"senderChainKey":{"iteration":1,"seed":"EBCJXRbnJ3Cgcvi5TXxTsNczLMqO1vj9BSoaXJR741w="},"senderSigningKey":{"public":"BR8ZJII1yxr0AJsqO/ed8N1NWf2jTygvE2ZYvMLfugMm"},"senderMessageKeys":[]},{"senderKeyId":203455981,"senderChainKey":{"iteration":2,"seed":"0jlM2Ch+kJmbz0kCz3XOBWp9KJnqiaPAAM/zeb20HyE="},"senderSigningKey":{"public":"BcKxINCQkxraVVs1MVW5zqUXFUYgEFmvuQL0uSty1qA9"},"senderMessageKeys":[]},{"senderKeyId":1710856640,"senderChainKey":{"iteration":9,"seed":"E/5UsZrSW9iB1GXvazg3hmOS8WkuIbQv1/c7SQHk2mg="},"senderSigningKey":{"public":"Bb+EhLG1h6WTokUEyMbeij+NpxZ2xixtaLVppPcM0oca"},"senderMessageKeys":[]},{"senderKeyId":1710856640,"senderChainKey":{"iteration":1,"seed":"QHLXoMyjl6VMxoW+XI2jrQ5BC0+8Rfxazt6ChzRi3yE="},"senderSigningKey":{"public":"Bb+EhLG1h6WTokUEyMbeij+NpxZ2xixtaLVppPcM0oca"},"senderMessageKeys":[]},{"senderKeyId":1710856640,"senderChainKey":{"iteration":5,"seed":"rGU6nr/gG4HSaeff33xCXddL6rZ7FbWXzfKaB9TSVSs="},"senderSigningKey":{"public":"Bb+EhLG1h6WTokUEyMbeij+NpxZ2xixtaLVppPcM0oca"},"senderMessageKeys":[]}]