[{"senderKeyId":2121321723,"senderChainKey":{"iteration":1,"seed":"qUUDHhE9sICHJQQMHXGIkTevv15a0qtO46ElMM1NHbY="},"senderSigningKey":{"public":"Bd6ZvZlLcXi+habNQJZGBwteL67vU9yo8HyhOCRGVJ0I"},"senderMessageKeys":[]},{"senderKeyId":2121321723,"senderChainKey":{"iteration":3,"seed":"BSkx0TsX5YwU70xraOxAYzL6PfCHNEV6PAVgajG1UZA="},"senderSigningKey":{"public":"Bd6ZvZlLcXi+habNQJZGBwteL67vU9yo8HyhOCRGVJ0I"},"senderMessageKeys":[]},{"senderKeyId":2121321723,"senderChainKey":{"iteration":4,"seed":"VGZXzXtZxF3srdFTqxXF70OMuopfMaRxP9QCBclVQMs="},"senderSigningKey":{"public":"Bd6ZvZlLcXi+habNQJZGBwteL67vU9yo8HyhOCRGVJ0I"},"senderMessageKeys":[]},{"senderKeyId":1415042597,"senderChainKey":{"iteration":1,"seed":"y6+KUF5N4402iqq0XIHyn9L5CBoD9xfpPEqbatlnD7c="},"senderSigningKey":{"public":"BX5+jkWu/h2HG/bZ+kz4vc+w+E2i1vu3UvJ6Dc3TB0Nx"},"senderMessageKeys":[]},{"senderKeyId":946181359,"senderChainKey":{"iteration":1,"seed":"Ql8pfuj3wkWj4FxlfX9iKMxtvWW2cS5+ID71qrZDTSE="},"senderSigningKey":{"public":"BbBY0aT5HhMSUXtBWKz+O+ia/tyqc7i0EFMEAS/ZmfgW"},"senderMessageKeys":[]}]