[{"senderKeyId":298894719,"senderChainKey":{"iteration":2,"seed":"xpO0aKffQm1YqKVj2xOk+vmZst0FRr3Jc7q4iMj7gRQ="},"senderSigningKey":{"public":"BWxTwOVSnW5FPCehW46PBG4z3uW7YRB/yGf6tFcrpdw8"},"senderMessageKeys":[]},{"senderKeyId":738098184,"senderChainKey":{"iteration":1,"seed":"HRRE7HPpCbvl95VD7crHbXc27Syrc1vj3qoi2wK5p24="},"senderSigningKey":{"public":"Ba/w8EhSJMFZ9HElxWaFLItCWeBv1BehL0pSUOR88ocL"},"senderMessageKeys":[]},{"senderKeyId":175670493,"senderChainKey":{"iteration":1,"seed":"yskF4ACWoG2+0HR7/ieTNMuelNGyIJHuQ7BrWa6So+o="},"senderSigningKey":{"public":"BS5s+dxQv290QDNX1CmS6K4/zMZDimk11geiNqMTD4B0"},"senderMessageKeys":[]},{"senderKeyId":274497263,"senderChainKey":{"iteration":1,"seed":"isyrZ3OOV8hFW3I1S/D3ZsPqmAWQiwb+31DW4GXCIUI="},"senderSigningKey":{"public":"BYPCBjUIUiZg81vQn05F3aXRaj42zXoC6pgsokGqpIt0"},"senderMessageKeys":[]}]