[{"senderKeyId":905158179,"senderChainKey":{"iteration":1,"seed":"ceU7ZM1QS+ByzU+x1Cgj3PTLNOak6+lZkgL4isRft+I="},"senderSigningKey":{"public":"BbewSq7jafaf+0oHD03SKoI0qM7Xl9fOTGOjIJNwzw0R"},"senderMessageKeys":[]},{"senderKeyId":222636037,"senderChainKey":{"iteration":1,"seed":"5vnON9CVwN1C+z9p9Gg/Ak45lNWg2IwGv6JTvRtHJv0="},"senderSigningKey":{"public":"BbKQZf6kuu5R1grps/jl+f5IyfObdzTNAKGI6K11ND9f"},"senderMessageKeys":[]},{"senderKeyId":869665199,"senderChainKey":{"iteration":2,"seed":"ht0BzI4sBumg3VsU/xS6VBtQEQzdIb3FekTPlWU2T3Y="},"senderSigningKey":{"public":"BYbvWmbHzoYUSNdm5gofpFCcyHcjQb6Xo7156ze3Q5RT"},"senderMessageKeys":[]},{"senderKeyId":607932476,"senderChainKey":{"iteration":1,"seed":"X5Rz266NfoXopY1A+nkQ56JTL033avVL2H84er/iLHg="},"senderSigningKey":{"public":"Baeq2X0KvRiVHOROTPQsqAM3NdFYx7BSuzWiZExFtPMP"},"senderMessageKeys":[]},{"senderKeyId":1743229176,"senderChainKey":{"iteration":1,"seed":"A3VLtIHsnR3Q/4nKq9/CNM6sCZg7PQ5fwgcDxLJJMcE="},"senderSigningKey":{"public":"BY8sEc8svQHIvP/xmjmbLbm+pOYO2EsTpaIna7rzJ08X"},"senderMessageKeys":[]}]