[{"senderKeyId":1362662115,"senderChainKey":{"iteration":4,"seed":"ibGecfsikusJR9Zs2MKv+q1DlrLZ7ub1wbqTLJAKDWs="},"senderSigningKey":{"public":"BTFm2ZHdyrf3PKKh1o92xUAZEsHDZi+rrtMR9mKI6jA6"},"senderMessageKeys":[]},{"senderKeyId":1362662115,"senderChainKey":{"iteration":1,"seed":"hw2qKtd4dNlAqE+LWeDjklEdMpnIyb/t66EQQP3b7So="},"senderSigningKey":{"public":"BTFm2ZHdyrf3PKKh1o92xUAZEsHDZi+rrtMR9mKI6jA6"},"senderMessageKeys":[]},{"senderKeyId":1298252972,"senderChainKey":{"iteration":1,"seed":"pK5rUjSeNRhKq0IxKxy9abadI5TMIoQBUSDJIpa3/6E="},"senderSigningKey":{"public":"BeWJLqv6Va6ilhSW3xCDh4OI3A/C4Yfc0EQJ/W1D8AZn"},"senderMessageKeys":[]},{"senderKeyId":1871583141,"senderChainKey":{"iteration":1,"seed":"8UEnGkE1KTF3AMP8rEwUpORyk/XrmfVvwEle4O7q5FU="},"senderSigningKey":{"public":"BSjmWjh8WIbcPQzrbCmpE6ev8mPzR3szOiewrFBKgVtY"},"senderMessageKeys":[]},{"senderKeyId":788003260,"senderChainKey":{"iteration":3,"seed":"0mJ995QtgJO55Bhmecg03tq9iGGAIeB4uqYM/3Ybzrw="},"senderSigningKey":{"public":"BWEnzK1l9sGFM6V8ypjWFjpbvh0bQs6HgQzraNIFAsRd"},"senderMessageKeys":[]}]