[{"senderKeyId":1355278829,"senderChainKey":{"iteration":3,"seed":"7HmnT8FmNkj3KBkv81xWmBi9aO/Viwu/RJnxI/1T470="},"senderSigningKey":{"public":"BQyBv9pD5ZPU+bMUmTQ6jzv6i4e5jO/7RZAlvSkEgS4H"},"senderMessageKeys":[]},{"senderKeyId":1209733236,"senderChainKey":{"iteration":7,"seed":"KVBp3yoGPbdD0bELPEXhKgq8WuFgy4NSbG3Z9riGLxk="},"senderSigningKey":{"public":"BSymiw5g6qq73MXgDUkqswDQEzjT4jTFcwAMq0nWyM5Q"},"senderMessageKeys":[]},{"senderKeyId":1209733236,"senderChainKey":{"iteration":3,"seed":"PtN1h5t+GxrSl2lR0HqB5HgS483fhYjPoANOH/1Bb+4="},"senderSigningKey":{"public":"BSymiw5g6qq73MXgDUkqswDQEzjT4jTFcwAMq0nWyM5Q"},"senderMessageKeys":[]},{"senderKeyId":1209733236,"senderChainKey":{"iteration":5,"seed":"oYc1UdILKA18wuyoMuECtsrZ5jFV+uvdlT27Q9saEwA="},"senderSigningKey":{"public":"BSymiw5g6qq73MXgDUkqswDQEzjT4jTFcwAMq0nWyM5Q"},"senderMessageKeys":[]},{"senderKeyId":1701854898,"senderChainKey":{"iteration":2,"seed":"jYYNM3RsHdWpbvmhYXYhNYHaA26y/HDG1VybgSZRmKQ="},"senderSigningKey":{"public":"BdYdP2yLI11FzNPCWizFE7Q3LA24jRCVYwLugEtq4Pol"},"senderMessageKeys":[]}]