[{"senderKeyId":1530069207,"senderChainKey":{"iteration":1,"seed":"xpaiFBqYzhe5ZR/s54LOEyu5OLu4ACDC+PuzlCyosqo="},"senderSigningKey":{"public":"BXEstrWlnkxESda5g63cDkhXpVE/uY6e/6cAfp/N1usX"},"senderMessageKeys":[]},{"senderKeyId":167130288,"senderChainKey":{"iteration":1,"seed":"JDPu85GHUlDoa+2ALNN7r0Jo/doj/L2Oj7BIxCmytEs="},"senderSigningKey":{"public":"BSmPGx4D9FOfDXZAyTe62+3IhBIXEN7PvIwL93gy/Uki"},"senderMessageKeys":[]},{"senderKeyId":806553022,"senderChainKey":{"iteration":1,"seed":"Lp1piSX9PrqSUcmScuSFPQBXwvAHdKuCicmOMbh1fGQ="},"senderSigningKey":{"public":"Ba0M9XoEXMk/f8BXvBIsyFmVH0H4S18//r2m6lGc2jAm"},"senderMessageKeys":[]}]