[{"senderKeyId":500719707,"senderChainKey":{"iteration":1,"seed":"gGxPaGP2yjw+2tB//Z7H/Sl/ivy5spVnb34MA5jLABc="},"senderSigningKey":{"public":"BV461I3L/iDWzIkNzVW4FqeaidxjFvqNJeE+44aaRaYt"},"senderMessageKeys":[]},{"senderKeyId":641374523,"senderChainKey":{"iteration":2,"seed":"x6g0ETrD0EBbnOzoGe8+NgYLqcy19V6UglpdX0Jqxh4="},"senderSigningKey":{"public":"BSkk1iwhDWDvarZXRQkfa3MKBjdmbSjQzV+fjefgmqR+"},"senderMessageKeys":[]},{"senderKeyId":641374523,"senderChainKey":{"iteration":1,"seed":"+WaBc3Lne4zVXzEsavxHNWAKDBLb3hysfYsWlUdvdv0="},"senderSigningKey":{"public":"BSkk1iwhDWDvarZXRQkfa3MKBjdmbSjQzV+fjefgmqR+"},"senderMessageKeys":[]},{"senderKeyId":370184052,"senderChainKey":{"iteration":1,"seed":"ncHXKl9C9x+KrAKx02EKVxmqRxtWjgR2HAGfpsqWfRQ="},"senderSigningKey":{"public":"BUKi+hd0QKyt2sexmpKDPZ75OU3LC3Bsicg2rK4zXmcp"},"senderMessageKeys":[]},{"senderKeyId":1879585022,"senderChainKey":{"iteration":3,"seed":"s4c7h8DmJVyBIrWiWCMXBCQoBRNEaps/k260aISatYE="},"senderSigningKey":{"public":"BSQXTO9I3cGacXo7hDLQnYFI1ZHTWl0nCGP5YHv2T3Z+"},"senderMessageKeys":[]}]