[{"senderKeyId":995933081,"senderChainKey":{"iteration":1,"seed":"kmw8yn7kdwVX31K0ieAktqPItMpnInKeMF7slgf+4co="},"senderSigningKey":{"public":"BWIWN3zTscyZf7uEJvMsZWRqgxvTS41MpOLK7zUokqs6"},"senderMessageKeys":[]},{"senderKeyId":1493731738,"senderChainKey":{"iteration":1,"seed":"ksQr8eCHDSFJ9pMScN7LmtELZ52OZdJ3n97jt0HADN0="},"senderSigningKey":{"public":"BfOTBDVINXlLV+cct57ps4Dj4cWn/+2C+vrUMX8+s+BA"},"senderMessageKeys":[]},{"senderKeyId":654095305,"senderChainKey":{"iteration":1,"seed":"u0FAo1i9QrOUCnZa2nzVQ6aavI2HiXRUN89I9eibg3M="},"senderSigningKey":{"public":"BWTD1aWRrAPxwZzCUipdT7pLJY6iOU1cQg9oRwsdN8VX"},"senderMessageKeys":[]},{"senderKeyId":1441242078,"senderChainKey":{"iteration":1,"seed":"8PG2ViuLH6XmjGMTObTNhguhAD0Y9Sp7AhMPHmyMBr4="},"senderSigningKey":{"public":"BaVLJEFRfn7vGDp01W2eBV6TTw/obx5pH2jLc+im4zAz"},"senderMessageKeys":[]},{"senderKeyId":1144019652,"senderChainKey":{"iteration":1,"seed":"5kxEeT/S2XaS5DCo6XxxgLtzw++RbT9oqaz4t3Unuxg="},"senderSigningKey":{"public":"BZ+vmBzogIBY2+h4YTt2ha7Hl4dsQ5icDMwvw9cBPBJj"},"senderMessageKeys":[]}]