[{"senderKeyId":1935207301,"senderChainKey":{"iteration":3,"seed":"4dp0NU85DqwVni2tSgI5G8Keus1CVnE6gBHN5Top2io="},"senderSigningKey":{"public":"BbMAkfXbZKvFh8ZV7zGYkxj7w61cBONy2+S33fHV38Qi"},"senderMessageKeys":[]},{"senderKeyId":1154547391,"senderChainKey":{"iteration":5,"seed":"zpefmxaPydelkNh9TrKoXHjMzTIt3BrA0xYDRQTGfuE="},"senderSigningKey":{"public":"BchuPE0roD1A88rA2V18CcMP/A0E8SazaqNcK0gCg6Bk"},"senderMessageKeys":[]},{"senderKeyId":214203058,"senderChainKey":{"iteration":3,"seed":"bdgHZ7JS+rZMhD99QqTJggU4XWbwYQLUadRFBiB8dYE="},"senderSigningKey":{"public":"BbMao0wd5TsHBkjgvIhgVkrMdpfkGRXemWCQm1eKGL8d"},"senderMessageKeys":[]},{"senderKeyId":214203058,"senderChainKey":{"iteration":1,"seed":"z4vhP/JM63C0IxEXIj3VCuRf7srAxzP6UlRGYBYdTls="},"senderSigningKey":{"public":"BbMao0wd5TsHBkjgvIhgVkrMdpfkGRXemWCQm1eKGL8d"},"senderMessageKeys":[]},{"senderKeyId":541982211,"senderChainKey":{"iteration":13,"seed":"frKICf4mV4DVOOP+wKlD6eCX9hMz1BRK1dRTa5jEEvY="},"senderSigningKey":{"public":"BUP+z53V6gZpncv2OKXgeSEUMTiM0WhoAb+Me5W1ykgI"},"senderMessageKeys":[]}]