[{"senderKeyId":252085998,"senderChainKey":{"iteration":2,"seed":"2g9kne6xMsWQ8vMoahc3o1atr+Bh3SCxBcfLwi3S6WQ="},"senderSigningKey":{"public":"BW0FwRh7M0tjb8/ivJ3WdvzJKNqwKuvT/IdXGQew1lAN"},"senderMessageKeys":[]},{"senderKeyId":109654481,"senderChainKey":{"iteration":1,"seed":"dslNgFAnIkUuVuQiMqeR42eburg2w6BFQVL7aDbkrhc="},"senderSigningKey":{"public":"BT1+OA3IUhaUrLJbhrb3SSeXZe1SRTuqHF9Zz/a6mqcH"},"senderMessageKeys":[]},{"senderKeyId":1551356276,"senderChainKey":{"iteration":2,"seed":"OOTYhykc/iYL4yD87ZdABTxYprdpdm8VtMrGu2vr1WA="},"senderSigningKey":{"public":"BYDg1Tke1DmAMCxmjd1Loj+C52xM76b2bRq8DTmYCVdG"},"senderMessageKeys":[]},{"senderKeyId":1551356276,"senderChainKey":{"iteration":1,"seed":"CGikYjHYcvuRvrMxMGgiKm9frKzxi0RfA8cAH3pGyls="},"senderSigningKey":{"public":"BYDg1Tke1DmAMCxmjd1Loj+C52xM76b2bRq8DTmYCVdG"},"senderMessageKeys":[]},{"senderKeyId":1977227349,"senderChainKey":{"iteration":1,"seed":"rdnS8tNVMD7nBqVCy4jMfNrWx19NfGPBmB1U+8n3HkM="},"senderSigningKey":{"public":"BfrutyOdt5nEb/zg0AD3mH4UE0wXscnvz4EdyiUIpJw9"},"senderMessageKeys":[]}]