[{"senderKeyId":1243389047,"senderChainKey":{"iteration":9,"seed":"fZD2wUyfsqtXpQk2BEpPDcTijduQ2h5FFyVy8yIRHd8="},"senderSigningKey":{"public":"BbziKBxTZdBqFOj7RaGHVQ/JUfYrARtlVJLyBIpSOJNr"},"senderMessageKeys":[]},{"senderKeyId":1243389047,"senderChainKey":{"iteration":2,"seed":"7CCRMYCX9vSjBf3kyLtsjk09uGLcvs09CdIdVTXcS4A="},"senderSigningKey":{"public":"BbziKBxTZdBqFOj7RaGHVQ/JUfYrARtlVJLyBIpSOJNr"},"senderMessageKeys":[]},{"senderKeyId":1243389047,"senderChainKey":{"iteration":3,"seed":"sZtdx3HL8+KqdRkVVWz2CBZDPkhIFgT7gTX6YN4GliE="},"senderSigningKey":{"public":"BbziKBxTZdBqFOj7RaGHVQ/JUfYrARtlVJLyBIpSOJNr"},"senderMessageKeys":[]},{"senderKeyId":1243389047,"senderChainKey":{"iteration":5,"seed":"fP5x20uHbSSy/Uj7mMqthr0EsbRubBjrTg5WOkpiyEg="},"senderSigningKey":{"public":"BbziKBxTZdBqFOj7RaGHVQ/JUfYrARtlVJLyBIpSOJNr"},"senderMessageKeys":[]}]