[{"senderKeyId":822035482,"senderChainKey":{"iteration":1,"seed":"koHaXSxv3uMKVPBHybKq1f9M+yX41qOQgslaZOWsAFY="},"senderSigningKey":{"public":"BaXiryOfuTFqKlKT8gRpHSXIAsx40RHeExUMKCVIRrtd"},"senderMessageKeys":[]},{"senderKeyId":1433036189,"senderChainKey":{"iteration":1,"seed":"l8mVeegwhJW6rbVwLyCqzm3nfm5sCVkW2UjiSuunbMo="},"senderSigningKey":{"public":"Be6PFnvs4i6Mxn2GC7+5PcoWUMAZd7TmOEfmzEO7SXpU"},"senderMessageKeys":[]},{"senderKeyId":1980571044,"senderChainKey":{"iteration":2,"seed":"a6hcdDeeezObeDpBc0TXlizfnSr4c3yN5UDROCsCUr0="},"senderSigningKey":{"public":"BWrKhnt0wbC0JWvyYTarq7Ur61tXFK2BQvW1ueOBMO87"},"senderMessageKeys":[]},{"senderKeyId":1980571044,"senderChainKey":{"iteration":1,"seed":"k5UFSTKK4arI8CfUWESc1CjiA3tcmciZXr5GtIE9mlU="},"senderSigningKey":{"public":"BWrKhnt0wbC0JWvyYTarq7Ur61tXFK2BQvW1ueOBMO87"},"senderMessageKeys":[]},{"senderKeyId":1874332122,"senderChainKey":{"iteration":1,"seed":"atyciVqSglwCFWTU80RGTNGhQdYd6JsPP1eLbO6+ofA="},"senderSigningKey":{"public":"BQDyhD6bQ4fzzlyR6YaPM2zczBg0EQuBY9ks2MWyO90T"},"senderMessageKeys":[]}]