[{"senderKeyId":246934931,"senderChainKey":{"iteration":1,"seed":"L1FCoE8Eud20W4y16UlSsCAQuHRs2/hQz3Exc6B6bik="},"senderSigningKey":{"public":"BZjpY9e6VlBpLKFbVfx4Ozaq+zMJwshl0e9mZOgIwf8v"},"senderMessageKeys":[]},{"senderKeyId":816187448,"senderChainKey":{"iteration":1,"seed":"kdFHkOaSvjg3OCQEj11P8j89D0DuECsqjImZPBMr2f0="},"senderSigningKey":{"public":"BWXbtn8GbHa4crvR/mUTWHnWUsTpDw6wj9uOKVXzVuBT"},"senderMessageKeys":[]},{"senderKeyId":1172351587,"senderChainKey":{"iteration":1,"seed":"0IFk+bDuss7U+ZRRvk0ItjNBWVWbQVNBth/iubNnlnM="},"senderSigningKey":{"public":"BUbmJ3vk2OKUh+5EdKCxOsIHod4DFezGMIBlgIEWnblm"},"senderMessageKeys":[]}]