[{"senderKeyId":325842688,"senderChainKey":{"iteration":1,"seed":"9thxwijxfBIWqRGyewzcX2Tr2BHZRBF2+mI4lDjKwr8="},"senderSigningKey":{"public":"BT25cjuSr7S+RjyWk6YAn08JFoWOIMef5/UnSO0csaY+"},"senderMessageKeys":[]},{"senderKeyId":33680904,"senderChainKey":{"iteration":1,"seed":"ubxiR4coZe3WfuA4q8dUUav7QpmkTq/4IZDQYtv611Y="},"senderSigningKey":{"public":"BYVVDMVuhRA72v5xnlYING/rLO3DfiSEmvSmfDpY2RRC"},"senderMessageKeys":[]},{"senderKeyId":1121849772,"senderChainKey":{"iteration":1,"seed":"/hsu/Eviduy/ud4mfEtrjfCaN6juoZ2BsvxjIqGMcPQ="},"senderSigningKey":{"public":"BaYpFCgrI3YMqQ8PAL2Eo9RKvkD6ChAB37Eu//HLvBsQ"},"senderMessageKeys":[]},{"senderKeyId":1492602848,"senderChainKey":{"iteration":1,"seed":"jtHUP9Z2k1jf+iKSIvqtF6kIRS8b2pNrWKnzBdNQMsc="},"senderSigningKey":{"public":"BXVvJaSyl4rUNT0qwk1AiK7+o8+OhWJr7rBeLY6GwdQF"},"senderMessageKeys":[]},{"senderKeyId":313076179,"senderChainKey":{"iteration":1,"seed":"mZ5zyPMfYaY0ksSJET1zC5FD72eeXKvotMmTvdclc9o="},"senderSigningKey":{"public":"Be6hsqlJ+zEYe0pSk3UtmtD/SW/c9uJB1Z+9Ak5nvv8g"},"senderMessageKeys":[]}]