[{"senderKeyId":508693700,"senderChainKey":{"iteration":9,"seed":"7+2YVRyUVCcuiiGqaBb7blICC/6vbmRECGEAewbTB5c="},"senderSigningKey":{"public":"BcvifvIMQKG/WSEGmimzKWAVXsx7mNPcaNxuzhDuhI4O"},"senderMessageKeys":[]},{"senderKeyId":508693700,"senderChainKey":{"iteration":1,"seed":"6Jj8BWunx4x9hkTX731K6faOJdPvIF7T11B2k3I2/AY="},"senderSigningKey":{"public":"BcvifvIMQKG/WSEGmimzKWAVXsx7mNPcaNxuzhDuhI4O"},"senderMessageKeys":[]},{"senderKeyId":508693700,"senderChainKey":{"iteration":7,"seed":"6y8hS/zBYU6YdlpEEk9IIxKRmC6zsOvcuZK253hoD90="},"senderSigningKey":{"public":"BcvifvIMQKG/WSEGmimzKWAVXsx7mNPcaNxuzhDuhI4O"},"senderMessageKeys":[]}]