[{"senderKeyId":1495209792,"senderChainKey":{"iteration":1,"seed":"QgF3R+Mb7Tr6ItmGMbiBd1IL05Zdv9H9FOLqVhtYujk="},"senderSigningKey":{"public":"BaLgWm77lE6Vg+o3CwF7OXItb08f7ccJJ3RV63ZHF1pH"},"senderMessageKeys":[]},{"senderKeyId":2132497208,"senderChainKey":{"iteration":1,"seed":"Q3zHn/eOW1KuK6wMB82TKHpqH0O//0qdC68jbDuZbPw="},"senderSigningKey":{"public":"BR6AjkrEMviO7qZcz+LoWna3qjM1hOMRfpyUzX3/TLIA"},"senderMessageKeys":[]},{"senderKeyId":1792803866,"senderChainKey":{"iteration":1,"seed":"vpg0ZtV5l2Ukpb4cBdPBK+YPE2W+MZmrCTDw0jJk36w="},"senderSigningKey":{"public":"BZD2WraWcRo0i8R5+YMsU931sIM0oLJ4hKO8OPq1YPlV"},"senderMessageKeys":[]},{"senderKeyId":57145224,"senderChainKey":{"iteration":1,"seed":"kX6g1D7jJR5ds0g5mkGGYJdri3XU/zMavGpmhGyKlyM="},"senderSigningKey":{"public":"BbkEesdIfEk3jHE7MGFP1FhGw5bIcG6EkcKornm2t4ZN"},"senderMessageKeys":[]},{"senderKeyId":1127337468,"senderChainKey":{"iteration":1,"seed":"zqgkUxceBisk2oO9BjEWDKC8ql6qkbh+hUz/dTlpKyw="},"senderSigningKey":{"public":"BT3M1qX3Q9c+MvDMTfmJtk+DdSD9aOQroLlF3BD37BgR"},"senderMessageKeys":[]}]