[{"senderKeyId":142958175,"senderChainKey":{"iteration":1,"seed":"6iSAcS4sSoMJfHhul7eAEgSE/141dQx4rTfm0C0HWgc="},"senderSigningKey":{"public":"BfMhg0pP1F+v86asReGA1rPgkl64lBG/jevK1gqV99ct"},"senderMessageKeys":[]},{"senderKeyId":603734639,"senderChainKey":{"iteration":1,"seed":"2iirTq3yeOruTEg0q8yjH7WVja8MOwiap18Pf0TxPdQ="},"senderSigningKey":{"public":"BV0E1qxaVmBsdOqxuI9b82pCPpiBvQQIvT8Fi0YEQshe"},"senderMessageKeys":[]},{"senderKeyId":1618413125,"senderChainKey":{"iteration":3,"seed":"5vrujmOTxbe5l/FqwjKokObAOPHZHRwKBptH1pFpfGg="},"senderSigningKey":{"public":"Bf6x5RlDq5D4xOE2J7W5m0SleMF4iESCl0mZXdZOZxo4"},"senderMessageKeys":[]},{"senderKeyId":1555573024,"senderChainKey":{"iteration":1,"seed":"HEasUuGD6Iy4TAZZrNgu8Oml6amnu4WpXvueofBNfCk="},"senderSigningKey":{"public":"BYDeRITfmI/uaVR4bCz8i66N8bUi/FbCQ4iSkG50ilQj"},"senderMessageKeys":[]},{"senderKeyId":1793314197,"senderChainKey":{"iteration":2,"seed":"4f1AE5RCFGh/lHmDkahd1BuOGO4uZH5ShUwWpIya/98="},"senderSigningKey":{"public":"BXlFbNhIjerlRQvRAtujZ12PTT+//6WtyLD4isKXIUFR"},"senderMessageKeys":[]}]