[{"senderKeyId":1681037419,"senderChainKey":{"iteration":3,"seed":"4+4cGKL6XQBmsaXtDyqAEzNuYsjyPuRdfz0EmcpFdsQ="},"senderSigningKey":{"public":"BU5zsoO/GUVqPZEAsuMaZfDHkL2mawmjoaBWhwpP32Ys"},"senderMessageKeys":[]},{"senderKeyId":1377325784,"senderChainKey":{"iteration":2,"seed":"s9BhaXF5Pagip0y9xT+oVKcF0goFcsyXZE2AGaDDKyc="},"senderSigningKey":{"public":"BT1/Uuu5okuSOTv0SBUVFrkCHxW1R5T2JA+N9iL7q4AK"},"senderMessageKeys":[]},{"senderKeyId":475198879,"senderChainKey":{"iteration":2,"seed":"rRTOQcUjCTb9HHwRZsuLuPWSVJ7IHMEpUb6KUxsbeOU="},"senderSigningKey":{"public":"Bf63DZ9RhBt0a2eaOKrpWPTPqex8r6Tsx1DobzDzxGQ5"},"senderMessageKeys":[]}]