[{"senderKeyId":177015287,"senderChainKey":{"iteration":4,"seed":"METtzJHn4MyJCIMiie/xzX8/yGetLc7S6ire9tL0BJs="},"senderSigningKey":{"public":"BdhgJ7N339DpVQrZpRdfLdUIgH/2ftchr90EA22Flu1c"},"senderMessageKeys":[]},{"senderKeyId":983934173,"senderChainKey":{"iteration":2,"seed":"ypwOw+6zi/pG8MeyE2XtHSEvQ77bCpWq8IxdTILK3/4="},"senderSigningKey":{"public":"BS7syPIRq8M+s/6s0fAQLVSsGWb3V5XaHDBXdRO5GjQu"},"senderMessageKeys":[]},{"senderKeyId":983934173,"senderChainKey":{"iteration":1,"seed":"5fHWN4WfxKXJ/ZEDl8F68oiBMKlUEJmsXWxx5rBebDE="},"senderSigningKey":{"public":"BS7syPIRq8M+s/6s0fAQLVSsGWb3V5XaHDBXdRO5GjQu"},"senderMessageKeys":[]},{"senderKeyId":1553523469,"senderChainKey":{"iteration":1,"seed":"FoKBtcbBDof1RDUAZ7auLGdhB0c7DxDCyLAA65mTgdM="},"senderSigningKey":{"public":"BYiJIc3ReESB/AlpFtPDW/Kal6equgwh2RWu9SYg9Ooz"},"senderMessageKeys":[]},{"senderKeyId":1978986885,"senderChainKey":{"iteration":1,"seed":"9lPu32cffaf7bL9KqgKxKNFN5jro1Jd1JfpNXCQRTws="},"senderSigningKey":{"public":"BWUQc3zjWkmD2VJaC05M5XI0Mrn9bEkPOL5pGUvMUL8/"},"senderMessageKeys":[]}]