[{"senderKeyId":313105530,"senderChainKey":{"iteration":11,"seed":"nm8N8Tq9iB5/3lI6AVX0c1qU6dv2eBwo985ym3QSPug="},"senderSigningKey":{"public":"BeCPy5gjjQ5RGimne8LfQ0uV7hVUnmJC+TUBdYr3Tjkj"},"senderMessageKeys":[]},{"senderKeyId":1006363626,"senderChainKey":{"iteration":1,"seed":"Dp1FojjKzYbGt9to0+IBeky+5PhE2f0ufI88YrlL6Yw="},"senderSigningKey":{"public":"BRV+jrgrk5JtE7iifr02V3y/wWyaixqk+jy3CcVtm1k8"},"senderMessageKeys":[]},{"senderKeyId":1997798294,"senderChainKey":{"iteration":1,"seed":"Akh34KuvoNkIKX1giVhmyoIHW8OjyP6VLDcA/rNQKbU="},"senderSigningKey":{"public":"BY2c4uJCtlRn7/u610E8H2aecE9aZ64/r9EpaieHTKIL"},"senderMessageKeys":[]},{"senderKeyId":1498007300,"senderChainKey":{"iteration":5,"seed":"mjIBMLGtVqi/6a1R3k3GIxndjGBTLnRxhhIX9RvCdnM="},"senderSigningKey":{"public":"BXZYm6Rx7UyjiddrDajKLsXo7V2VqXAXTXLWRjDCzJR4"},"senderMessageKeys":[]}]