[{"senderKeyId":617390194,"senderChainKey":{"iteration":1,"seed":"Zcdl6Y1bPchiwgQ+t4saOFrq7/Jg4xXwiqE7ilcAHoo="},"senderSigningKey":{"public":"BZna0LaSVQ/u+OJarJmHka6ShA0NM6AAPlsDrvc08SN3"},"senderMessageKeys":[]},{"senderKeyId":27530827,"senderChainKey":{"iteration":1,"seed":"2DfScEpq8v6MduddRV829gvuFOeRSpin1O1di8t+eDQ="},"senderSigningKey":{"public":"Be0+0CEaRR7DPnabmrnH9kPTDTSQ3z7rrQObbsrijjV9"},"senderMessageKeys":[]},{"senderKeyId":1544664866,"senderChainKey":{"iteration":1,"seed":"1zQ65jkAVorGbhh5u/7e9/isvQ6SiQiZq8Csbd09Osk="},"senderSigningKey":{"public":"BZC5mLj08c7Zky7Uh9fXbaVOY02rqsLLG54HO7FGSftm"},"senderMessageKeys":[]},{"senderKeyId":2024088720,"senderChainKey":{"iteration":1,"seed":"1nERaOU7BhD8Ma39rU6txkfXqPHl6G/IfOoSEgNJXMc="},"senderSigningKey":{"public":"BVavILVfeiMWlx5G6T3WFU9hwEpzcqrYh3Hs4lPKwR8e"},"senderMessageKeys":[]},{"senderKeyId":1953372129,"senderChainKey":{"iteration":1,"seed":"lxrH1qpc/0K3QjnhUPE/jZJjnZZjUdHopKsyWy31l1w="},"senderSigningKey":{"public":"BcGpbwtNtH+NGlsYU1AaIk2Ea+0gvJRkVP7I5GGQpotg"},"senderMessageKeys":[]}]