[{"senderKeyId":1220761338,"senderChainKey":{"iteration":2,"seed":"mOM6EKmIZ8G1WIZWECKbtCn6vMqQn++llq6uXQoGUYo="},"senderSigningKey":{"public":"BVEPh04A0jCDQhQQfN2OnUlpYSkea5jagx4pdrdNCH9q"},"senderMessageKeys":[]},{"senderKeyId":1078226595,"senderChainKey":{"iteration":1,"seed":"mhTK7vTHAiEP9qfy9wzcq2K66yNQBc4E/2tqCf1bVQ4="},"senderSigningKey":{"public":"BZ1LMwUyRdUTMw86MMBlcQkR4KSCXYVwEohB7zUYNy5v"},"senderMessageKeys":[]},{"senderKeyId":520254855,"senderChainKey":{"iteration":1,"seed":"c+27lptGi7v6amsmriw8nxU39J3rue898F8lO0XI4o0="},"senderSigningKey":{"public":"BWODK86ZSjiCoGUIY9oYy2vPsFUMC4RVnA5L3WC726hY"},"senderMessageKeys":[]},{"senderKeyId":546945911,"senderChainKey":{"iteration":1,"seed":"LGiWYeDeh6C9V+7yl6HE8IXQqeMOHaklxPdvTOXkAAs="},"senderSigningKey":{"public":"BdvlYQnZykGtK916WsbWrkEOFuboNzSHycljpFdSZNx5"},"senderMessageKeys":[]},{"senderKeyId":355970106,"senderChainKey":{"iteration":1,"seed":"HepPvWi+B7d8Ob/IV8KdC669ZmMRjSZfM2CWqBu1B54="},"senderSigningKey":{"public":"BUJeOoH6iaq7xhwcC4tUXhVfvWPD6/i3Dij1vJ7c8UVd"},"senderMessageKeys":[]}]