{"_sessions":{"BWa35TEwFuvazrveDmN540I0MunMAXB0UC5j1ZCtTdxZ":{"registrationId":1287271656,"currentRatchet":{"ephemeralKeyPair":{"pubKey":"BddRTAUwEhOPVmaYeapWK81pK4ZGvEKrWPvl9SxkMH5W","privKey":"uCmg9H/a4pWKykDDWUIywx056d6YySt/lqs3FUY+MlA="},"lastRemoteEphemeralKey":"BVgEToyHIgSwq1JZwzlwgoy5+O9Lz4pWS6aj9MMIrUpX","previousCounter":0,"rootKey":"Zum/Bp9d3/Go9sPeEvkQ2rJoGrti60zdyhtmZL6bbHc="},"indexInfo":{"baseKey":"BWa35TEwFuvazrveDmN540I0MunMAXB0UC5j1ZCtTdxZ","baseKeyType":2,"closed":-1,"used":1751506848757,"created":1751506848757,"remoteIdentityKey":"BaF2Ss7G6hck9Ih6cKyDRWawNFAIPJSqMGwoHlDZdWpK"},"_chains":{"BVgEToyHIgSwq1JZwzlwgoy5+O9Lz4pWS6aj9MMIrUpX":{"chainKey":{"counter":1,"key":"9GQ+j0nEzOtpd3y8G6rTtuFgCEZEUs+Z7EI6utjoNxk="},"chainType":2,"messageKeys":{}},"BddRTAUwEhOPVmaYeapWK81pK4ZGvEKrWPvl9SxkMH5W":{"chainKey":{"counter":-1,"key":"7Csx4bTeM7Fu/Z6WzkNG3+P4YbIZFXRLkNmIatg/JLY="},"chainType":1,"messageKeys":{}}}}},"version":"v1"}