{"_sessions":{"BWnwMf4IX9LBg6jYWZZHoUcNvIXu15i5KOqvcJW9ZycS":{"registrationId":363744295,"currentRatchet":{"ephemeralKeyPair":{"pubKey":"BfHe5oeBqDKGgeI5d99D0GDSEMbC3nLZwmtV9mRrOIpW","privKey":"6HgP8fd3sM+umCfO6anUROSTbL9T81SHhZaUMoWqMFM="},"lastRemoteEphemeralKey":"BcTDo3I6/KGnc3iGF+m9RLV1XHaWTfR0nNAGzxrsQsNd","previousCounter":0,"rootKey":"P8g09rpDmji5Cz6ZrX28d1CWH9c7MY/t13OpJ+4PzFs="},"indexInfo":{"baseKey":"BWnwMf4IX9LBg6jYWZZHoUcNvIXu15i5KOqvcJW9ZycS","baseKeyType":2,"closed":-1,"used":1751430604058,"created":1751430604058,"remoteIdentityKey":"BTXGJCCsKbEPVL+7bTqLJnUnStyQw+r8c9VF4LpmlyJG"},"_chains":{"BcTDo3I6/KGnc3iGF+m9RLV1XHaWTfR0nNAGzxrsQsNd":{"chainKey":{"counter":0,"key":"qAk7fywlWDeBEDQ1IlnoZGR4HJIM5yOI5QapMa6bTuk="},"chainType":2,"messageKeys":{}},"BfHe5oeBqDKGgeI5d99D0GDSEMbC3nLZwmtV9mRrOIpW":{"chainKey":{"counter":-1,"key":"SZuMUTF0NbcEQe6MWkvhSIEXjieVaY5UgUchS6KAgKo="},"chainType":1,"messageKeys":{}}}}},"version":"v1"}