{"_sessions":{"Ba+9gR3d7Sa29qI8Sp7D9HcAW661MdxbwKPU3ZxQPt0L":{"registrationId":1932604786,"currentRatchet":{"ephemeralKeyPair":{"pubKey":"BaMu6p5V19Wy7jRotkRjpwUvNFwO+4RxSzziwt65BZgo","privKey":"SPhfUSn8QtxQmI8knAPnzZlMLtU6Rx5rIunKyKfZyFo="},"lastRemoteEphemeralKey":"Bfp1vdrj6lf0cSAEylarTSxtXhV3I2faR1AIpEoDpf8X","previousCounter":0,"rootKey":"EV0AR1Cpsu8Er8SWmjs7D8I7N2ivW8MmnBtYSn4km3A="},"indexInfo":{"baseKey":"Ba+9gR3d7Sa29qI8Sp7D9HcAW661MdxbwKPU3ZxQPt0L","baseKeyType":2,"closed":-1,"used":1751430603177,"created":1751430603177,"remoteIdentityKey":"BZcRaik3Sm4RPNiggMciCkOccffjMuxVwuMv3TIXteNV"},"_chains":{"Bfp1vdrj6lf0cSAEylarTSxtXhV3I2faR1AIpEoDpf8X":{"chainKey":{"counter":0,"key":"IalmP36EhT5V4yPVbsk7Gz583IgEm63/iW+QCkKuPRA="},"chainType":2,"messageKeys":{}},"BaMu6p5V19Wy7jRotkRjpwUvNFwO+4RxSzziwt65BZgo":{"chainKey":{"counter":-1,"key":"rA22T2ou5N/BslEQJL7CpgoMQJAzixVXh+WHGplN0eQ="},"chainType":1,"messageKeys":{}}}}},"version":"v1"}