{"_sessions":{"BdDxnW6ej0mSqSSjM48ilzPvMQxzdrE7ePWvShrhR9I/":{"registrationId":163784020,"currentRatchet":{"ephemeralKeyPair":{"pubKey":"BaPsXXdHvA/pBT87UnixGNvOUljE3CbDU5TygSdLvQRH","privKey":"EJkyUrRffJEaq4sqUZ2/LP5qU2TwQoqtrP5CGK7Z+m0="},"lastRemoteEphemeralKey":"BbUIyMonrETcXB6nGEcCUzjxloSS76WrDFlBk1FFfX11","previousCounter":0,"rootKey":"5HzEBic3CAmmc5JHli9A7cUKrpW4sjr7VsTAJVtGKR8="},"indexInfo":{"baseKey":"BdDxnW6ej0mSqSSjM48ilzPvMQxzdrE7ePWvShrhR9I/","baseKeyType":2,"closed":-1,"used":1751343322698,"created":1751343322698,"remoteIdentityKey":"BUbeKLsYwXHfJZD3QZ7qPrGtZ87Jpf7JtFwRTUhC7Xs3"},"_chains":{"BbUIyMonrETcXB6nGEcCUzjxloSS76WrDFlBk1FFfX11":{"chainKey":{"counter":0,"key":"yV2Di6LKb0CtVwDhzfNUMNds1/y/ovYuggSK64FtzXw="},"chainType":2,"messageKeys":{}},"BaPsXXdHvA/pBT87UnixGNvOUljE3CbDU5TygSdLvQRH":{"chainKey":{"counter":-1,"key":"lrJQOI4UnXH4sNadtqdGO0Wd8jgHuF6FiTIln5XOpI0="},"chainType":1,"messageKeys":{}}}}},"version":"v1"}