{"_sessions":{"BYOzPHRA/IVl6IQqcH+H7+Jlmf0WRqXxAc/f4ftnrGph":{"registrationId":1701396731,"currentRatchet":{"ephemeralKeyPair":{"pubKey":"BYecQj1sLi/e0H5Y5FQBsOPBD/DA6hRnkvPZmLi3eG0t","privKey":"AA1YUyZJ5WfPlIwJMN674MuxUf7uanqAczoP8FWDxUI="},"lastRemoteEphemeralKey":"BSstZ1oeEkHkaROZkqMCTA4hMIYNCwmMKkj3axdA/5AR","previousCounter":0,"rootKey":"MaJBLKaAIxt6fNflYAhkACVgaDtssxSSLgJbZrzZAMk="},"indexInfo":{"baseKey":"BYOzPHRA/IVl6IQqcH+H7+Jlmf0WRqXxAc/f4ftnrGph","baseKeyType":2,"closed":-1,"used":1751430608496,"created":1751430608496,"remoteIdentityKey":"BdqdcvHzJ7UnJyt+SzpCwQ02eNyW24sdjlRinBOnETt8"},"_chains":{"BSstZ1oeEkHkaROZkqMCTA4hMIYNCwmMKkj3axdA/5AR":{"chainKey":{"counter":0,"key":"B6WV2iOBvu18B1n5dcEu1qONyHOCcsgzq3kpTnMpaD0="},"chainType":2,"messageKeys":{}},"BYecQj1sLi/e0H5Y5FQBsOPBD/DA6hRnkvPZmLi3eG0t":{"chainKey":{"counter":-1,"key":"C6j1b+OF3Dp7FR2qkqV7Iv7Iao2n+de/l7z7xsUXDlM="},"chainType":1,"messageKeys":{}}}}},"version":"v1"}