{"_sessions":{"BaXK62ap5bX/cUhUquLnimBkrJRq6PgCj0c+JIHuDPkR":{"registrationId":1596192254,"currentRatchet":{"ephemeralKeyPair":{"pubKey":"BbX7HK5J5m9p3AMVGmwKZENuIxMKF8cHaH094Z8yNDIF","privKey":"0GcSFWb93u+2f1k971zQxQlmwNfkwBmKBsqP8MoPB20="},"lastRemoteEphemeralKey":"BROhlWEflKde3/ZP16jcaQDwGXePPNh90CtCEVzEUcJx","previousCounter":0,"rootKey":"I30Nj0EBBo3oTKYbzS+koERtkRHyKUg0h1TC8QUpHEg="},"indexInfo":{"baseKey":"BaXK62ap5bX/cUhUquLnimBkrJRq6PgCj0c+JIHuDPkR","baseKeyType":2,"closed":-1,"used":1751290234014,"created":1751290234014,"remoteIdentityKey":"Banila24mlyjRkGb7J6pvLpMBKU7ehAijVK06ey0rM5C"},"_chains":{"BROhlWEflKde3/ZP16jcaQDwGXePPNh90CtCEVzEUcJx":{"chainKey":{"counter":0,"key":"oVsE7IpwSurGd6D/Pd+nLwa6gLIqLwUdvUwV5Sn2E70="},"chainType":2,"messageKeys":{}},"BbX7HK5J5m9p3AMVGmwKZENuIxMKF8cHaH094Z8yNDIF":{"chainKey":{"counter":-1,"key":"xRTX2/c5Hm+jLqjmXuil7QJGrH4d0IckruOZjheV54c="},"chainType":1,"messageKeys":{}}}}},"version":"v1"}