{"_sessions":{"Bcf/Z3sfYt+9UdOP0BxXBXdswgltHlGLAoRbgAmTZngi":{"registrationId":623410141,"currentRatchet":{"ephemeralKeyPair":{"pubKey":"BcBNFoEfy6m/8AtX6XtBchFvsI5Hl9ilFKPTiBQB4Rtk","privKey":"QKrjjtFNlNv0k9/RV7LrnHk4GXjmpJs4BfTWwVqffHA="},"lastRemoteEphemeralKey":"BY0CPR8iJOupq43lqI0D7ZcYdeNDPh6X84iE2qOUc7JY","previousCounter":0,"rootKey":"HC7pddR159nlYqPye9Blq0jGi5FZljhUU02qVoKRBVY="},"indexInfo":{"baseKey":"Bcf/Z3sfYt+9UdOP0BxXBXdswgltHlGLAoRbgAmTZngi","baseKeyType":2,"closed":-1,"used":1751196944411,"created":1751196944411,"remoteIdentityKey":"BfMa3VKVpv5eXZavqkk0Y7QUo9+tnk1sRgCZe3k/JXIb"},"_chains":{"BY0CPR8iJOupq43lqI0D7ZcYdeNDPh6X84iE2qOUc7JY":{"chainKey":{"counter":0,"key":"9wywzp5SNhuAn7+hZfnNM9748njct/IXS4nvjv7wM8I="},"chainType":2,"messageKeys":{}},"BcBNFoEfy6m/8AtX6XtBchFvsI5Hl9ilFKPTiBQB4Rtk":{"chainKey":{"counter":-1,"key":"JPpkgBYvFlqtKTSj0sbxLJA+Ln/53w8jYV5gZf82ztc="},"chainType":1,"messageKeys":{}}}}},"version":"v1"}