{"_sessions":{"BS25qN3iookrE16il/ePebQWrSx15LiAhpZTrIo+kyMw":{"registrationId":1288702776,"currentRatchet":{"ephemeralKeyPair":{"pubKey":"BSWDEle8Bt80RnMZmBVmVsCF0hKYvzE+SwB8YoWqHAZU","privKey":"oKf2IQJqR1Bw3w97+GzagSp2DrHDSC/kN5t0PhxKuUs="},"lastRemoteEphemeralKey":"BWANcu8Fs7RJFcDoO/3iZ84sQ/BJnisSk425uK3q0Ic/","previousCounter":0,"rootKey":"4PGfytA5ROkRp0sKTYi/ECA3uOX1J7XHRYyscth8PzE="},"indexInfo":{"baseKey":"BS25qN3iookrE16il/ePebQWrSx15LiAhpZTrIo+kyMw","baseKeyType":2,"closed":-1,"used":1751179761585,"created":1751179761585,"remoteIdentityKey":"BQBTiYJ+hOa4ZynvVwwqiuwsJ7xNDhNKrKhJX+RpCpN/"},"_chains":{"BWANcu8Fs7RJFcDoO/3iZ84sQ/BJnisSk425uK3q0Ic/":{"chainKey":{"counter":4,"key":"7dlr+x/3IIANyQPiNU+xpmL4xrd8+HpXKUCbfXbVh48="},"chainType":2,"messageKeys":{}},"BSWDEle8Bt80RnMZmBVmVsCF0hKYvzE+SwB8YoWqHAZU":{"chainKey":{"counter":-1,"key":"vgEV16PTwbGRboioeeFCrIgvnLz14ZF/MkhfuyoHj3Y="},"chainType":1,"messageKeys":{}}}}},"version":"v1"}