{"_sessions":{"Bbvy+kbngG7RMdD2qGGMNJdvtH2s94exlNu3O/3P0MRc":{"registrationId":538245695,"currentRatchet":{"ephemeralKeyPair":{"pubKey":"Bbp1lsQ8BRbGUrwgIqaewvajJ19zbjmScceNE2eTs1sS","privKey":"cHJNkjPayGVFgZxm/lJGnk3IMsaKuzf9Kz5Q6oefuHI="},"lastRemoteEphemeralKey":"BS32P8X25Scu7nTcjWT+n7PySLQChELoj5fAnUj4ZkoB","previousCounter":0,"rootKey":"eDeyKM9iuzKQyy45Gp/QjePy2Wi4EuhQSjrTbPWTfXA="},"indexInfo":{"baseKey":"Bbvy+kbngG7RMdD2qGGMNJdvtH2s94exlNu3O/3P0MRc","baseKeyType":2,"closed":-1,"used":1751337580406,"created":1751337580406,"remoteIdentityKey":"Bbgs1WkBCDNF12UAwhUHlwDSPWCDZjlBqV9MwUv3iQca"},"_chains":{"BS32P8X25Scu7nTcjWT+n7PySLQChELoj5fAnUj4ZkoB":{"chainKey":{"counter":0,"key":"08TeNeTYQG8iaCzlWqR3etyAcbVlwN7bAEoHwdDfdG8="},"chainType":2,"messageKeys":{}},"Bbp1lsQ8BRbGUrwgIqaewvajJ19zbjmScceNE2eTs1sS":{"chainKey":{"counter":-1,"key":"dLrfA/x45iD0c4LAb1tH3PVOhd/jQhli/pnNB1L50OY="},"chainType":1,"messageKeys":{}}}}},"version":"v1"}