{"_sessions":{"BVKZ0msdq4mpUdCdP8C97CJ1Iit16oCkXFxrCcWn4Mx2":{"registrationId":1326672382,"currentRatchet":{"ephemeralKeyPair":{"pubKey":"BYPGAg4najV5DR1nmucfCVq7q+goezEYPcbDtOQnVWZY","privKey":"YKmCCLSkvAcDwOWdSLSZbW9bgI0xbAwSqCYwZ3A6f00="},"lastRemoteEphemeralKey":"Ba4ZFiq2Yy8PwPn1Zn7ULjJDDBFJw8iauTjgi4LfCjoE","previousCounter":0,"rootKey":"G/5GZ+87xja3kkYiVuAlhic87noYefgPQRojsz8oUEY="},"indexInfo":{"baseKey":"BVKZ0msdq4mpUdCdP8C97CJ1Iit16oCkXFxrCcWn4Mx2","baseKeyType":2,"closed":-1,"used":1751179761437,"created":1751179761437,"remoteIdentityKey":"BbxibaM7BQkxfBjb5uNQFCmy61GM/JNhjX7RXsbUJBNx"},"_chains":{"Ba4ZFiq2Yy8PwPn1Zn7ULjJDDBFJw8iauTjgi4LfCjoE":{"chainKey":{"counter":8,"key":"dP9Xy+Xl3VMaBVAGu+CTBJ71WG9BS6YGaV6JDoCZkQs="},"chainType":2,"messageKeys":{}},"BYPGAg4najV5DR1nmucfCVq7q+goezEYPcbDtOQnVWZY":{"chainKey":{"counter":-1,"key":"j6cDyJ+FglX+MoJHIP/3ezJE+n7mDDnPHE+AY/aKOWI="},"chainType":1,"messageKeys":{}}}}},"version":"v1"}