{"_sessions":{"BVs6/rmn4/as/8W66L7J1RDwmqzUH0rDTeboDl2cORop":{"registrationId":454992396,"currentRatchet":{"ephemeralKeyPair":{"pubKey":"BUnTd2zcw9Jpb/FzUjSS7bMYGT7XFIROy0+HF0Y0MOIg","privKey":"GExCsW/udv+Y12gszI1A2+voaKabEVJPEy5EVu7jdX8="},"lastRemoteEphemeralKey":"BQwiQqBof4bzjNw+sg271ehHr8GT4yLmlZf9iwOGnUg3","previousCounter":0,"rootKey":"wBK6e9NQTaTkLqcHcIepOlJculFiR4WyJ/LMF46Zj40="},"indexInfo":{"baseKey":"BVs6/rmn4/as/8W66L7J1RDwmqzUH0rDTeboDl2cORop","baseKeyType":2,"closed":-1,"used":1751337580329,"created":1751337580329,"remoteIdentityKey":"BWbM1lhPbDq+TJ7PCBXmx/IcSR9XuKXengAJvuZldhBX"},"_chains":{"BQwiQqBof4bzjNw+sg271ehHr8GT4yLmlZf9iwOGnUg3":{"chainKey":{"counter":0,"key":"0PPZfVKk0ZdCJ1RA7deLBlktxfNhszZ4xfOrY+cnO+M="},"chainType":2,"messageKeys":{}},"BUnTd2zcw9Jpb/FzUjSS7bMYGT7XFIROy0+HF0Y0MOIg":{"chainKey":{"counter":-1,"key":"HnsaTG6EjNio2gI9UbZW8p/W52/JbSgsQDWdkWBWBt0="},"chainType":1,"messageKeys":{}}}}},"version":"v1"}