{"_sessions":{"BaFOKuq1u0eQ69n3cjHb5OCYTbIWMooNk9uMLN5FVE8e":{"registrationId":284033241,"currentRatchet":{"ephemeralKeyPair":{"pubKey":"Bc5AGaESRpgSg0eBMXORT2TCM0TtG/2rYWOm40MClN9C","privKey":"EDsyP70iEc/1Vk8BQuoW7t6q1q/O457RtK7RphHKI18="},"lastRemoteEphemeralKey":"BUIDFaQ3ewEiOxPReYqx4t7FH3c/XXH3DM8f7gyLPPYp","previousCounter":0,"rootKey":"czTmcAtDuS2ztxFcL8Jscy8/97p15ccdXYxRWUZdMvc="},"indexInfo":{"baseKey":"BaFOKuq1u0eQ69n3cjHb5OCYTbIWMooNk9uMLN5FVE8e","baseKeyType":2,"closed":-1,"used":1751114351869,"created":1751114351869,"remoteIdentityKey":"BWUiispyVkAiqA0lNJrhpbHK5Kfvni2+dVcEEnJDPlBJ"},"_chains":{"BUIDFaQ3ewEiOxPReYqx4t7FH3c/XXH3DM8f7gyLPPYp":{"chainKey":{"counter":0,"key":"A6qtQUb87v9b2yg3A0SiIgNYwnC2UfparZ9Un7okv2U="},"chainType":2,"messageKeys":{}},"Bc5AGaESRpgSg0eBMXORT2TCM0TtG/2rYWOm40MClN9C":{"chainKey":{"counter":-1,"key":"zNhA6WM8TEbu48/YNUuTK43b6Bq9OXhUBDJCZEYfVbc="},"chainType":1,"messageKeys":{}}}}},"version":"v1"}