{"_sessions":{"BR8HrwR+2F0wuP2g/csXCoGLL/kgIpFyykeI+yKuCggO":{"registrationId":1911665791,"currentRatchet":{"ephemeralKeyPair":{"pubKey":"BUHoYHDYJF8pkYWrSupELhADPOrJEJGbh7Ef6gSsAKEV","privKey":"yADkekVvVfcRp165bjEWAO+I+YuBt4F0rn1pwthWyW8="},"lastRemoteEphemeralKey":"BewsyWhajWZXjn3EGui0GtwlgOHTpw5koWYj4NeVYFhR","previousCounter":0,"rootKey":"DzlroBNoCZLBwUVXB8ei/mmMiwHB7uqPT6N7Kvs6xts="},"indexInfo":{"baseKey":"BR8HrwR+2F0wuP2g/csXCoGLL/kgIpFyykeI+yKuCggO","baseKeyType":2,"closed":-1,"used":1751179761571,"created":1751179761571,"remoteIdentityKey":"BdwI0XrCYOiEF7NC+ffKlI+GqslG/1NvKUoJoDArqT0Q"},"_chains":{"BewsyWhajWZXjn3EGui0GtwlgOHTpw5koWYj4NeVYFhR":{"chainKey":{"counter":0,"key":"Yp1CdW16mRSSvlOpe4+MWrc61nqqKSZPP+a4VkFPWXc="},"chainType":2,"messageKeys":{}},"BUHoYHDYJF8pkYWrSupELhADPOrJEJGbh7Ef6gSsAKEV":{"chainKey":{"counter":-1,"key":"yqajJ8GM9IcjJki6Qug5GFQfmYmo6tOiLlolRNIGSMM="},"chainType":1,"messageKeys":{}}}}},"version":"v1"}