{"_sessions":{"BUj9bYu48t55jv445rE2YgVW1bYVOUy/vf0pJ9nAxVh8":{"registrationId":35716466,"currentRatchet":{"ephemeralKeyPair":{"pubKey":"BZ0gwJVYPAFe/KHPcAZNMJ0cJMXIaUAYWAT1Nyop3mF5","privKey":"EM+62RLVWy9K2v9yVp5PHoq+1NL25BK39G3kC9D/z1Y="},"lastRemoteEphemeralKey":"BYdRFsg4icGrhR9tRMy7lJUkx+AnNtheFG+GjL0rrplX","previousCounter":0,"rootKey":"dDONeaBNpSdICwqPv4WC2hWEZttvFDz8pgCEChUjt7k="},"indexInfo":{"baseKey":"BUj9bYu48t55jv445rE2YgVW1bYVOUy/vf0pJ9nAxVh8","baseKeyType":2,"closed":-1,"used":1751430610751,"created":1751430610751,"remoteIdentityKey":"Bdqx1pNI7lUwKJkzGr+uRtChvUyi1cG3Vb5b0dk3F74l"},"_chains":{"BYdRFsg4icGrhR9tRMy7lJUkx+AnNtheFG+GjL0rrplX":{"chainKey":{"counter":0,"key":"4gaUF53bjlGJLP3n2voPqcmnfLBMU1Y5A0W3oqZ6OBo="},"chainType":2,"messageKeys":{}},"BZ0gwJVYPAFe/KHPcAZNMJ0cJMXIaUAYWAT1Nyop3mF5":{"chainKey":{"counter":-1,"key":"0ogeutrKvz96TADnBZ1p76xZYjw88Q+2JhLLLcbkSk8="},"chainType":1,"messageKeys":{}}}}},"version":"v1"}