{"_sessions":{"BTyskxTxuUlWF/zDGYLEWdiHx0PHskdbNeuNumpGrago":{"registrationId":1457958053,"currentRatchet":{"ephemeralKeyPair":{"pubKey":"Bea1oW6Wtz/Hgeod6Pps/X8rGihlkyhaiO3yoQyqqI50","privKey":"ECZ/coAjfSNxylkgCmI7ek011jz5lIzXJwt1BC7FpGk="},"lastRemoteEphemeralKey":"BYqAcWs2m//yoo/kFSDocOR3uifQUvG4hHke5sXV6Rx2","previousCounter":0,"rootKey":"XMcBUao17RTiEQftpUvqQEEfHiXYs/9MW48P/WadyAc="},"indexInfo":{"baseKey":"BTyskxTxuUlWF/zDGYLEWdiHx0PHskdbNeuNumpGrago","baseKeyType":2,"closed":-1,"used":1751179766301,"created":1751179766301,"remoteIdentityKey":"BfVjpKNR5VYG63cICXAQxUBg7XW1qA6FYk8CLo16L1RH"},"_chains":{"BYqAcWs2m//yoo/kFSDocOR3uifQUvG4hHke5sXV6Rx2":{"chainKey":{"counter":0,"key":"4mPwf2+bOx+uAU0aHK4VLsNTVajm5FwwP0OOjRHTXbc="},"chainType":2,"messageKeys":{}},"Bea1oW6Wtz/Hgeod6Pps/X8rGihlkyhaiO3yoQyqqI50":{"chainKey":{"counter":-1,"key":"xGnmuJA6F2KZdewxkZV+YftL11PFQcQws2yV++XfhY0="},"chainType":1,"messageKeys":{}}}}},"version":"v1"}