{"_sessions":{"BSPEsNSNHPwc7QyiQmJysx52TmvQMtvToAgpOK2pZ75O":{"registrationId":373150296,"currentRatchet":{"ephemeralKeyPair":{"pubKey":"BbyxuZ5Uy5mw6PMjW6LCETFarUxAzvL8lexXuaayXbF/","privKey":"KMXLGWN1sWb5Lqbd3f3iOCJngG3ucVEoJVQU1JqTtWs="},"lastRemoteEphemeralKey":"BSjlzTWAIBvoEsHHnBdQhW6BzPNhcw7ulYpYUuehBOR3","previousCounter":0,"rootKey":"Fk7+8PgzdrBl1m6ylNkXZ84IvG61IltfeHYOqXHGE6s="},"indexInfo":{"baseKey":"BSPEsNSNHPwc7QyiQmJysx52TmvQMtvToAgpOK2pZ75O","baseKeyType":2,"closed":-1,"used":1751114351799,"created":1751114351799,"remoteIdentityKey":"BXhXDCKhSm0qfoVp9V8S8HZPE33P+6Y57qG9FOpB7dAt"},"_chains":{"BSjlzTWAIBvoEsHHnBdQhW6BzPNhcw7ulYpYUuehBOR3":{"chainKey":{"counter":5,"key":"TbmG/PsIgNaLv7BZ7NBM5GFU97PGAKhgI+BO6Ubhdl8="},"chainType":2,"messageKeys":{}},"BbyxuZ5Uy5mw6PMjW6LCETFarUxAzvL8lexXuaayXbF/":{"chainKey":{"counter":-1,"key":"H2CURwVQKCE+Fc/LwhOFQX7bdFgqzl7Utpr8zN4SzZY="},"chainType":1,"messageKeys":{}}}}},"version":"v1"}