{"_sessions":{"Ba6L+WfL0n28VRNbtvLaICUI4KTAvgdmEyWTqqQ4dFY2":{"registrationId":245948780,"currentRatchet":{"ephemeralKeyPair":{"pubKey":"BabuiZuMJNSziDD5jWgHzSbeKx6YYxPVWlIbfyG5MCA1","privKey":"aIJi14mTvEBtvP7nZzUw5+XrJsvq6TJHvYlUkd28kkM="},"lastRemoteEphemeralKey":"BdqR9tGzBk2ZoW7/dTJhFi3dpvh2PVXrVeSzgbX5qSQ4","previousCounter":0,"rootKey":"XHuZTtX2YEUQBqsd8zLjmb1HvKqoRzMWQXNkXq0j6Kc="},"indexInfo":{"baseKey":"Ba6L+WfL0n28VRNbtvLaICUI4KTAvgdmEyWTqqQ4dFY2","baseKeyType":2,"closed":-1,"used":1751179761469,"created":1751179761469,"remoteIdentityKey":"BQnfDlscaT+pCi1ETYQP1OjaVjK1rnbCbiuo9ioBXj4u"},"_chains":{"BdqR9tGzBk2ZoW7/dTJhFi3dpvh2PVXrVeSzgbX5qSQ4":{"chainKey":{"counter":15,"key":"e4QgvskYv0Qu6thkvkV4r5Rz0YXZDHN+AcHh1kN+V+k="},"chainType":2,"messageKeys":{}},"BabuiZuMJNSziDD5jWgHzSbeKx6YYxPVWlIbfyG5MCA1":{"chainKey":{"counter":-1,"key":"xogAP6P9Epb0wvVHoy+7WcId/BhzNkwBASgo6cylCeg="},"chainType":1,"messageKeys":{}}}}},"version":"v1"}