{"_sessions":{"BbiF6f0+aVspPHyNUGy+mQm4E1yoDAsBNKm6iYtuEX90":{"registrationId":1009813180,"currentRatchet":{"ephemeralKeyPair":{"pubKey":"BemoaUZUZrEaeiCXffopy7t9970UhBwr5f4rMSPYjX4Q","privKey":"QGa+PJuEAOxjyGxvm6JqQO3NnqohkQrNW1G5OxxSyWs="},"lastRemoteEphemeralKey":"Bc/aQFW2MDqmkoaalmpJMCEPQ/JEweCgfwGArlYqRuA2","previousCounter":0,"rootKey":"OBZ9LZdx1T3jLd1h8GPBfGk80k9bt4jZSDVrqrNMgEI="},"indexInfo":{"baseKey":"BbiF6f0+aVspPHyNUGy+mQm4E1yoDAsBNKm6iYtuEX90","baseKeyType":2,"closed":-1,"used":1751105548261,"created":1751105548261,"remoteIdentityKey":"BdQXKH1VFXIGlUGBePZRAj5518k6UhZOC1541X+a7Cxh"},"_chains":{"Bc/aQFW2MDqmkoaalmpJMCEPQ/JEweCgfwGArlYqRuA2":{"chainKey":{"counter":0,"key":"NEgqRw7Xj3jZQWFCX/QT4T79hxRPEZYI1nSOBuIq2gM="},"chainType":2,"messageKeys":{}},"BemoaUZUZrEaeiCXffopy7t9970UhBwr5f4rMSPYjX4Q":{"chainKey":{"counter":-1,"key":"aq5+8NTN9BhbLw09uEN5W5A2B1CIOjNWyY1VWjfHnQ0="},"chainType":1,"messageKeys":{}}}}},"version":"v1"}