{"_sessions":{"BXZuQwvEIK8U6clHdOFbrs1HEIgYqfOJ2aAJXGbHLW0P":{"registrationId":2120811604,"currentRatchet":{"ephemeralKeyPair":{"pubKey":"BTLX0sP/QIx7Pg0aSYUPQs6juLC6xwT20ZNVt0jC0KkZ","privKey":"+POu0AwGWqLIGUsaQ8VJeGHlZIAKJ3sVfo3P+Sq4hkU="},"lastRemoteEphemeralKey":"BYqJYJVsJ3xqtfYMWoCZKTHdWp2j3hwj0GbRXzWOF5F7","previousCounter":0,"rootKey":"0Y7gfyyTjWEn/Pr3JJUJ/QUDRVSJlr8lXacNdhItWWs="},"indexInfo":{"baseKey":"BXZuQwvEIK8U6clHdOFbrs1HEIgYqfOJ2aAJXGbHLW0P","baseKeyType":2,"closed":-1,"used":1751337580413,"created":1751337580413,"remoteIdentityKey":"BUL9Zu4m8XSTM5NJKOcLiT4XCDLMVfOR8aaDteRSmdYq"},"_chains":{"BYqJYJVsJ3xqtfYMWoCZKTHdWp2j3hwj0GbRXzWOF5F7":{"chainKey":{"counter":2,"key":"634wcKdZN51BtK5QirHbvhwaM3XNQMTQ7xwFTcqvhRE="},"chainType":2,"messageKeys":{}},"BTLX0sP/QIx7Pg0aSYUPQs6juLC6xwT20ZNVt0jC0KkZ":{"chainKey":{"counter":-1,"key":"l7ztTq7jy77HxX7lyewnWBfxixSXydPEYh/q+1hw3AY="},"chainType":1,"messageKeys":{}}}}},"version":"v1"}