{"_sessions":{"Bew83eX4MAlHNPL7Z5LvOAEhQSunPbv0hYuxAdp+4YNY":{"registrationId":313942138,"currentRatchet":{"ephemeralKeyPair":{"pubKey":"BUaF+e7Z/Sp+r/q8qPdEtSQgd1iHYFuCHsMBZhrqy+8f","privKey":"ECUzlC65Vri8vBm8rf+4XaRV6/GXXQv6jCvQexw1nlI="},"lastRemoteEphemeralKey":"BQcPOox6AigiWZQ4bBjoiY2QLMi0N5RzNsthDEy1RWps","previousCounter":0,"rootKey":"T8alqUWkNLdv7swiMjT8Oa+fISuX8PPMqAyIsOGo0DE="},"indexInfo":{"baseKey":"Bew83eX4MAlHNPL7Z5LvOAEhQSunPbv0hYuxAdp+4YNY","baseKeyType":2,"closed":-1,"used":1751264698823,"created":1751264698823,"remoteIdentityKey":"BQzCmDgHr8GfrnoKx6L1scRne7+jglFKKMOQXI+NQzJq"},"_chains":{"BQcPOox6AigiWZQ4bBjoiY2QLMi0N5RzNsthDEy1RWps":{"chainKey":{"counter":0,"key":"nKVS+jWW65defUg3PlmU5ILeVYUgBSAbjYNB9YDS2Wg="},"chainType":2,"messageKeys":{}},"BUaF+e7Z/Sp+r/q8qPdEtSQgd1iHYFuCHsMBZhrqy+8f":{"chainKey":{"counter":-1,"key":"6JxymoxsFh0UlfGazL8yiBxGZ43Dxe6xTT5mKsunAh4="},"chainType":1,"messageKeys":{}}}}},"version":"v1"}