{"_sessions":{"BZQODQF3Neuz/LSdXrmwLW+y4CnUeaXxG7qJ5KNfSFRR":{"registrationId":275621054,"currentRatchet":{"ephemeralKeyPair":{"pubKey":"BQHg12TMLY8hFGRW4wn/DelA9qAo/dvkkDcNFNKDSeEl","privKey":"wAXdWNnqQv1AgXhcDOMQIPzhLC1q3BV5rlpS6TkSekU="},"lastRemoteEphemeralKey":"BUDB0RNriyd+k+sI6J8Z6LwQtK8kTZQgQK0Nsi+L8AYg","previousCounter":0,"rootKey":"QGzXJ+ftkI0UgID0GFhFHadCsQYv9vMYLmg/uvnGxg0="},"indexInfo":{"baseKey":"BZQODQF3Neuz/LSdXrmwLW+y4CnUeaXxG7qJ5KNfSFRR","baseKeyType":2,"closed":-1,"used":1751430604636,"created":1751430604636,"remoteIdentityKey":"BRV5+Bi236lU9uvJDx9xGWPm4gRjDPwG1UT+5SRRlj5o"},"_chains":{"BUDB0RNriyd+k+sI6J8Z6LwQtK8kTZQgQK0Nsi+L8AYg":{"chainKey":{"counter":0,"key":"AxS9Qy7boWtvb4B7+nOwP1mAqIR8op83j4V4LUj7JxU="},"chainType":2,"messageKeys":{}},"BQHg12TMLY8hFGRW4wn/DelA9qAo/dvkkDcNFNKDSeEl":{"chainKey":{"counter":-1,"key":"nJHfLT/zn/zZAH489hAowS8tGFZPtCsn0SXrpvv/wsY="},"chainType":1,"messageKeys":{}}}}},"version":"v1"}