{"_sessions":{"BRuZsoPNIRxmZBjBwXXekUV4w0SXQAqS0WiS3zv8Ui0p":{"registrationId":31372989,"currentRatchet":{"ephemeralKeyPair":{"pubKey":"BcqDqMRIFI2lrM9CntSBL2CWcZWvBxDjH1lL/Msx0IM0","privKey":"YE/k8qaiXUX1QEi063jkt9ee7B2ZeX7iLbr5LKZBXXs="},"lastRemoteEphemeralKey":"BdWyq2MWI+uMX+atADmgScv+YJ14RWWrXinTgsoYnNkN","previousCounter":0,"rootKey":"3XlSpg8aAHIkiDPZkSnTYimMLqPCDtpPHD0gA+3iRMY="},"indexInfo":{"baseKey":"BRuZsoPNIRxmZBjBwXXekUV4w0SXQAqS0WiS3zv8Ui0p","baseKeyType":2,"closed":-1,"used":1751248280834,"created":1751248280834,"remoteIdentityKey":"BXT4q7RUxYXKQ+Fc5+vHoMrcGe6gAYq74/kjH3jN+Oc9"},"_chains":{"BdWyq2MWI+uMX+atADmgScv+YJ14RWWrXinTgsoYnNkN":{"chainKey":{"counter":0,"key":"3s+emeL1QLLwtM61DcXYo3DNJxD40l1SulzBJTNu4VA="},"chainType":2,"messageKeys":{}},"BcqDqMRIFI2lrM9CntSBL2CWcZWvBxDjH1lL/Msx0IM0":{"chainKey":{"counter":-1,"key":"kD5DPZy5mvxOO7FZahCC8cjXcvhhCIFpDDJot2loVkA="},"chainType":1,"messageKeys":{}}}}},"version":"v1"}