{"_sessions":{"BXXRQRpGl7Bd63vot1eLeSuPD2ERxWoLgignXNprD48O":{"registrationId":1170111911,"currentRatchet":{"ephemeralKeyPair":{"pubKey":"BaMbAZO9J/E7npZPjPEchMxMxaY0VmwZO0me4Fs1DUVu","privKey":"uGjbjl5ly3XcPBlx/4pSYmGum9grx5UHEINMtRS9TUk="},"lastRemoteEphemeralKey":"Bd22YY5lwdCrir0kIoLsWG/2hEp4JhnlhAHtCTa+vGNI","previousCounter":0,"rootKey":"Cig/0x/gnY4Nyty3TKVyjHrHzuE6/ILDffoUW+TQThs="},"indexInfo":{"baseKey":"BXXRQRpGl7Bd63vot1eLeSuPD2ERxWoLgignXNprD48O","baseKeyType":2,"closed":-1,"used":1751430608481,"created":1751430608481,"remoteIdentityKey":"BfFXEUcjvfrOqpQ0NKpOI59eSCv2UL+UO649Q9Fl6Y8L"},"_chains":{"Bd22YY5lwdCrir0kIoLsWG/2hEp4JhnlhAHtCTa+vGNI":{"chainKey":{"counter":0,"key":"ZMN5QdbmEhEwAT5VPjELZF+mEf3DromI/hfARfxJ6r8="},"chainType":2,"messageKeys":{}},"BaMbAZO9J/E7npZPjPEchMxMxaY0VmwZO0me4Fs1DUVu":{"chainKey":{"counter":-1,"key":"BPDqL6kdyndi3u4NOV6kmhrrs5r5/DShclKrC2V6P+g="},"chainType":1,"messageKeys":{}}}}},"version":"v1"}