{"_sessions":{"BcYUnm6Bb8zLQ3sac5HZS9F4g1CjBTCdDb8O1pyDv3h5":{"registrationId":2038282339,"currentRatchet":{"ephemeralKeyPair":{"pubKey":"BYmTmyh15PzkzIdaNrgGKBDBF87oiAI/sdG1zTGM9fAo","privKey":"CDox6Gt94wSHQ8uZwetJZltuojjFsSwNoHkKQMDGen0="},"lastRemoteEphemeralKey":"BRIdhKMrB4bq277zDdA7/OPBG5SiaJLIWEQ/UbcIP9UA","previousCounter":0,"rootKey":"drES/9xXFHKt7nF+5ToZRxwQfCsKir7KLoAiOkNMvTs="},"indexInfo":{"baseKey":"BcYUnm6Bb8zLQ3sac5HZS9F4g1CjBTCdDb8O1pyDv3h5","baseKeyType":2,"closed":-1,"used":1751294230156,"created":1751294230156,"remoteIdentityKey":"Ba7ivTfOnuL4SGy8d4g868e90Xy0MJokFxcLAzf0JZMw"},"_chains":{"BRIdhKMrB4bq277zDdA7/OPBG5SiaJLIWEQ/UbcIP9UA":{"chainKey":{"counter":9,"key":"E5XEUhqAQON7FIZtx3yNj9p+f6T/J8oiPeL/r6fvac0="},"chainType":2,"messageKeys":{"2":"hcL1+EWBtMxaRe/zTMGunsK/gkwtuZUdr0s5sXC7w2c=","3":"hy+BOjqrrx+MB7DlsYcv/gz7z0xPeAlGY0ltjLgO99E="}},"BYmTmyh15PzkzIdaNrgGKBDBF87oiAI/sdG1zTGM9fAo":{"chainKey":{"counter":-1,"key":"QICvcVb+sLq9OMr4NbzgAMnIOdG+NXLgUfr6KD13Ckg="},"chainType":1,"messageKeys":{}}}}},"version":"v1"}