{"_sessions":{"BUDkMrPAV2n9xSuo1GvpGkUJrMS2Mwaxu6eFLUuMYjNQ":{"registrationId":1231955147,"currentRatchet":{"ephemeralKeyPair":{"pubKey":"Bbq0fs7nAoI+LVrkVW8Vuvow5KyApNy/v7BhaQxMAaJC","privKey":"GN2TATgH2anttv+ZUr0vJPJrr0um0iWvD1qmZLeGbEE="},"lastRemoteEphemeralKey":"BR6lWjhk7fW6j3Enjn4EwT2m4m3BCg6jqzkaJpqJoEke","previousCounter":0,"rootKey":"LZK7BdHwYu7Fy0LokIARhjDL22OuFnwItq6fEB+sUIs="},"indexInfo":{"baseKey":"BUDkMrPAV2n9xSuo1GvpGkUJrMS2Mwaxu6eFLUuMYjNQ","baseKeyType":2,"closed":-1,"used":1751179766769,"created":1751179766769,"remoteIdentityKey":"BZIElbAFTzOnoazXTFZFjNaEoJbv8YoxQBt9/bxwzyxD"},"_chains":{"BR6lWjhk7fW6j3Enjn4EwT2m4m3BCg6jqzkaJpqJoEke":{"chainKey":{"counter":0,"key":"6SgfzJ0TmS7mmZdcxi6eFCweU5F/YLHVI08ixFKeGas="},"chainType":2,"messageKeys":{}},"Bbq0fs7nAoI+LVrkVW8Vuvow5KyApNy/v7BhaQxMAaJC":{"chainKey":{"counter":-1,"key":"h8qRis3sVpsBDkzrrDcZ8Xx+kyVgYlIjS7SuwFnXZdI="},"chainType":1,"messageKeys":{}}}}},"version":"v1"}