{"_sessions":{"BaBzhWe4PJ8SJJVm+Xxec7iH29QTD9woe2zuIExjnL4+":{"registrationId":1259915866,"currentRatchet":{"ephemeralKeyPair":{"pubKey":"BRu3VVHjYuf1KjPdBnSxHuUHqC+m/CpYKCP6nbMbfHoe","privKey":"iFpWn5IUTtu1dfmmKJffxfJMOcd2Dx+BIZSZ3BMc014="},"lastRemoteEphemeralKey":"BfyiqrU3MxvKnvpx/x8XrewQKcyidKPP6JalTLd7mRIU","previousCounter":0,"rootKey":"2UZ/5Y/kwdCUC6TTt63EdFC+y8/sV+/h3ZT46b3rX7o="},"indexInfo":{"baseKey":"BaBzhWe4PJ8SJJVm+Xxec7iH29QTD9woe2zuIExjnL4+","baseKeyType":2,"closed":-1,"used":1751120834988,"created":1751120834988,"remoteIdentityKey":"BQkXJ0BsOdXXRCK9s+xNe8JhJNTp6znsxi6yfjWbsosQ"},"_chains":{"BfyiqrU3MxvKnvpx/x8XrewQKcyidKPP6JalTLd7mRIU":{"chainKey":{"counter":0,"key":"QK8x9jFu6U1WBRgCiXbGY1afdLS1GuNAikk5WFF2fZ8="},"chainType":2,"messageKeys":{}},"BRu3VVHjYuf1KjPdBnSxHuUHqC+m/CpYKCP6nbMbfHoe":{"chainKey":{"counter":-1,"key":"WgMXEOL6ibqYObnQADbu9X7Y2Il1xpogDUaCx/IBI40="},"chainType":1,"messageKeys":{}}}}},"version":"v1"}