{"_sessions":{"BRSpHq2aIoCULY/rURFPvbrECnD+lsyewO+R3fgHP5gB":{"registrationId":307299218,"currentRatchet":{"ephemeralKeyPair":{"pubKey":"BaVpycr21+mMQhfRcwGQht+peXuMhlewDEvSBEeDJ4Fu","privKey":"GKLAPcfHw0dIoydetIP3ppQBqDAt+I8eT8WhvlpXNWQ="},"lastRemoteEphemeralKey":"Be9fJy9iU8lKxSncIQ3s1UwSy5abjH3jK/u6I4H9kZtv","previousCounter":0,"rootKey":"aRcUMupVayZ4fdgJ6gvMACn9W08nmr0mRY/MtHFJ2HA="},"indexInfo":{"baseKey":"BRSpHq2aIoCULY/rURFPvbrECnD+lsyewO+R3fgHP5gB","baseKeyType":2,"closed":-1,"used":1751114351711,"created":1751114351711,"remoteIdentityKey":"BcEL1N+WwnCCooMqxilGcaQ+vXe95zaeCMSHsjf5qTEX"},"_chains":{"Be9fJy9iU8lKxSncIQ3s1UwSy5abjH3jK/u6I4H9kZtv":{"chainKey":{"counter":5,"key":"WK/YvoEnF84cNP/CbSCDp1Y7WaTp9CAtiq6P3hTwuog="},"chainType":2,"messageKeys":{}},"BaVpycr21+mMQhfRcwGQht+peXuMhlewDEvSBEeDJ4Fu":{"chainKey":{"counter":-1,"key":"OQnSmruOUGVAxOICTV055pLZNxfPsFgL68WnfZh4Mf8="},"chainType":1,"messageKeys":{}}}}},"version":"v1"}