{"_sessions":{"BburivVL1OySdHU6UExCECdBOhLaVJyxH2l+9Aq6EL1s":{"registrationId":1776952321,"currentRatchet":{"ephemeralKeyPair":{"pubKey":"BfLJHQSVRO1c1zxTVBgWmdaFFZ/qL0wSIujx/B7crUgz","privKey":"kNuc+2lCUm1gE+CNQ9WPpu2spzwICC3LV2bCM1/V8Xc="},"lastRemoteEphemeralKey":"BV7GzGhJkqoV7KSeWZs0JH5j+I6v9GNb9qbUwUXNuBZv","previousCounter":0,"rootKey":"XMgt7l9hzj71N3Pl4aAQ2zCvsdssTlEZq1LnSksM9yA="},"indexInfo":{"baseKey":"BburivVL1OySdHU6UExCECdBOhLaVJyxH2l+9Aq6EL1s","baseKeyType":2,"closed":-1,"used":1751252373666,"created":1751252373666,"remoteIdentityKey":"BRG4/FmfOWSTijoWghjf1k9b84q+mlMQlvx0fJ0I5EIk"},"_chains":{"BV7GzGhJkqoV7KSeWZs0JH5j+I6v9GNb9qbUwUXNuBZv":{"chainKey":{"counter":0,"key":"qCNAdZR5DkeTy3+49y1X82v1O0hP9XB78Quf0FfrBZE="},"chainType":2,"messageKeys":{}},"BfLJHQSVRO1c1zxTVBgWmdaFFZ/qL0wSIujx/B7crUgz":{"chainKey":{"counter":-1,"key":"VMmBrR2NXifGwrps9tQOroKOASzwY0aoOEjl4okw+xY="},"chainType":1,"messageKeys":{}}}}},"version":"v1"}