{"_sessions":{"BROeXCU9Lau6OADKZAyLOszA92dR3cHblGGI9VYQf5Ii":{"registrationId":2036534121,"currentRatchet":{"ephemeralKeyPair":{"pubKey":"Ban2Hs+lGBBNls3lqkqGKP6ek9eK3zOIxnPjTaumYVkM","privKey":"cEhIks24JVi8NW+FAtORvvfBII9BkrWNaUUrQj5tNms="},"lastRemoteEphemeralKey":"Bb9Mj8LzKGcxKEf2+oFcSkXJ/QLOkiDrCg/pNkpWxzw6","previousCounter":0,"rootKey":"WRN7gzCbmt7Balj5PhXgpjCgUNuUPQqMpwz4f6K28lc="},"indexInfo":{"baseKey":"BROeXCU9Lau6OADKZAyLOszA92dR3cHblGGI9VYQf5Ii","baseKeyType":2,"closed":-1,"used":1751114351770,"created":1751114351770,"remoteIdentityKey":"Ba0i4tRmo1WbA2TVI4KybYIsx3pLhiPZ4kmy0O6RHRgz"},"_chains":{"Bb9Mj8LzKGcxKEf2+oFcSkXJ/QLOkiDrCg/pNkpWxzw6":{"chainKey":{"counter":21,"key":"F2y4+HjScYks4HHmJ3WdoDGbWzrzyMQNW64VmJZUP7E="},"chainType":2,"messageKeys":{"10":"9qfNPqVutnzjosR6xEfJMwfwZKAX7vf8zEn1tE8qWVs="}},"Ban2Hs+lGBBNls3lqkqGKP6ek9eK3zOIxnPjTaumYVkM":{"chainKey":{"counter":-1,"key":"JQ2npXhwChG4YAXK3nV4c9kyGc6grOcK5R1vpAQeU00="},"chainType":1,"messageKeys":{}}}}},"version":"v1"}