{"_sessions":{"BdsHBTOy6yfhHECPtHQ/xAIHmyKFTHGhvnTQaZt2hTVJ":{"registrationId":2115063330,"currentRatchet":{"ephemeralKeyPair":{"pubKey":"BRtwpNi7xXsM7Jsc/KNPp+Qs9MAC26cCRTMXvWdXfmIw","privKey":"gLsYlrFylnq4UvSa2VoIj0tYC/auIghittVtKhFjwkE="},"lastRemoteEphemeralKey":"BR9WXnG3AmpWonKJwirtVLT0ynC+DtTlDC6gSyZKwKMN","previousCounter":0,"rootKey":"IZjTyyyxtVCE1jeNkPGjiZS7+K9mpapMCO/XlkpzDiI="},"indexInfo":{"baseKey":"BdsHBTOy6yfhHECPtHQ/xAIHmyKFTHGhvnTQaZt2hTVJ","baseKeyType":2,"closed":-1,"used":1751179764737,"created":1751179764737,"remoteIdentityKey":"BcU+VSii43JkiNBpfKLRkzl/Ev69tfNhIm8ImUnfm4FW"},"_chains":{"BR9WXnG3AmpWonKJwirtVLT0ynC+DtTlDC6gSyZKwKMN":{"chainKey":{"counter":2,"key":"j1PHh2TzH+Q090r1Ep/Rn+MarU6GQ6Wl63pJFq2dQ68="},"chainType":2,"messageKeys":{}},"BRtwpNi7xXsM7Jsc/KNPp+Qs9MAC26cCRTMXvWdXfmIw":{"chainKey":{"counter":-1,"key":"b/9L3siBYGsbrlLRwFRUtwhHKyBLMtuNUlm3qUHoVVM="},"chainType":1,"messageKeys":{}}}}},"version":"v1"}