{"_sessions":{"BUw+yNoNXSmvyBLvSj4H9WGSz7GhypUjVGIDqxZo4c02":{"registrationId":153531853,"currentRatchet":{"ephemeralKeyPair":{"pubKey":"BQpT1mVJi4HXgrdunwyWKWhBdawVKvdXq3dkas69qkEa","privKey":"SGOTHl6dW7XRpE12LihtsT2blLr4RcekKh/s9NDJa04="},"lastRemoteEphemeralKey":"BXYtiBbCl71q1kbbglLnrFustqHG+f8qOkahTwWxsA00","previousCounter":0,"rootKey":"gLaSfwQzCCrfuKHO6qGH5fE4zZJnX0sMRK/hCysGEcM="},"indexInfo":{"baseKey":"BUw+yNoNXSmvyBLvSj4H9WGSz7GhypUjVGIDqxZo4c02","baseKeyType":2,"closed":-1,"used":1751196597289,"created":1751196597289,"remoteIdentityKey":"BeP/8XMA4P4VirG+B64U+gtRLPyAHnJ63E7awKvarR9G"},"_chains":{"BXYtiBbCl71q1kbbglLnrFustqHG+f8qOkahTwWxsA00":{"chainKey":{"counter":1,"key":"O/ot5pi2k+N7rQiudPWA2j3EZMyfWq9Q4zjZnoJq/EY="},"chainType":2,"messageKeys":{}},"BQpT1mVJi4HXgrdunwyWKWhBdawVKvdXq3dkas69qkEa":{"chainKey":{"counter":-1,"key":"DyzccOP3OlAXuWPFhkOjp5JNaJOkmvfOnhB+ZKxIf5M="},"chainType":1,"messageKeys":{}}}}},"version":"v1"}