{"_sessions":{"BS3RrKpsSoPdAkktn9Dpv1K2JrqJuBbXhDL/FxZxb28l":{"registrationId":492215886,"currentRatchet":{"ephemeralKeyPair":{"pubKey":"BU8ioknjO5gnKnbq2SKRNaYYJ7qnx1N4W7RcIO6a30tH","privKey":"GMot+zax4TackoQaodFDpCioWqwqSVB+7vfO0GA77E4="},"lastRemoteEphemeralKey":"BVSNurluqk4drztQmtp07guG+yKPgYyHVjEEPTW0C49Z","previousCounter":0,"rootKey":"z622XtpOOaCAxnnIDmkrnucSfXZHHgDwZBVYVImnibg="},"indexInfo":{"baseKey":"BS3RrKpsSoPdAkktn9Dpv1K2JrqJuBbXhDL/FxZxb28l","baseKeyType":2,"closed":-1,"used":1751248280866,"created":1751248280866,"remoteIdentityKey":"Be03z/GAqiCAputKMcE9B7UGBzejhZTacQQ4dpUFn0Rb"},"_chains":{"BVSNurluqk4drztQmtp07guG+yKPgYyHVjEEPTW0C49Z":{"chainKey":{"counter":0,"key":"ksnVj8jN8uz6wODX039jwyknoXN8iFWG40x6Ow7XbFQ="},"chainType":2,"messageKeys":{}},"BU8ioknjO5gnKnbq2SKRNaYYJ7qnx1N4W7RcIO6a30tH":{"chainKey":{"counter":-1,"key":"X/4iZadwaFX2J2F2KAtXOp33vVO/FFelX797hIlMPCY="},"chainType":1,"messageKeys":{}}}}},"version":"v1"}