{"_sessions":{"BaRH+n8KhfpwPvU0OnWBjah/pEaAffzunzD3T5PyZgwC":{"registrationId":387490117,"currentRatchet":{"ephemeralKeyPair":{"pubKey":"BfDBnAjdt3j/ec6kcGu9CCSBw3rqHWASc01VSsq3Yk0o","privKey":"8FpoVAbM/To8o/x4qxpGnLYJfn0ogUR2tnlvLdqUW3M="},"lastRemoteEphemeralKey":"Bbwl8bMPS4UmIDPZmMduKSkc/MgoxIfkI+kIXaFAHaEu","previousCounter":0,"rootKey":"ShK9GKLUwz5Kb1U6ll8Yg7qPN8aGnZAAwdRB4w+RFeI="},"indexInfo":{"baseKey":"BaRH+n8KhfpwPvU0OnWBjah/pEaAffzunzD3T5PyZgwC","baseKeyType":2,"closed":-1,"used":1751259855666,"created":1751259855666,"remoteIdentityKey":"BSmxItYjvooKaHJ8F0vDL93ibrcX0rqQy9JhcM3uxc4k"},"_chains":{"Bbwl8bMPS4UmIDPZmMduKSkc/MgoxIfkI+kIXaFAHaEu":{"chainKey":{"counter":4,"key":"zQdA3hjRIght2NoxR68p1OdV6K7LXqPdTzyjgcoF0zg="},"chainType":2,"messageKeys":{}},"BfDBnAjdt3j/ec6kcGu9CCSBw3rqHWASc01VSsq3Yk0o":{"chainKey":{"counter":-1,"key":"a+s4BHGv+ddkfeMJhfa8AgZrCGRil/8IcaBwMV9ESYI="},"chainType":1,"messageKeys":{}}}}},"version":"v1"}