{"_sessions":{"BU2ir5Uqviez2ZwILtEzELwFXBvTTiC9tXKIIlgOOc1o":{"registrationId":13067,"currentRatchet":{"ephemeralKeyPair":{"pubKey":"BRdrueOqom5smr02ZtmFkDAl6daKQZWzLKvIW5eNlftx","privKey":"WEerTT6xHBfVUzQ3lAy0j3XR2Ua4CtO2X7yv1bDWF3c="},"lastRemoteEphemeralKey":"BTlBEnZRNOplX6Avcwt3zbQXRrPtTmE2m/j6dD8EFE0L","previousCounter":0,"rootKey":"OzVn4aMFeSgd+yCeRl/r1UYx8V1TZ8JhVErXWlifYts="},"indexInfo":{"baseKey":"BU2ir5Uqviez2ZwILtEzELwFXBvTTiC9tXKIIlgOOc1o","baseKeyType":2,"closed":-1,"used":1751430604099,"created":1751430604099,"remoteIdentityKey":"BeTnjBs9zxEULg8Dc7S4IYZaWHT9jmWgb0ZiWnaiJMQz"},"_chains":{"BTlBEnZRNOplX6Avcwt3zbQXRrPtTmE2m/j6dD8EFE0L":{"chainKey":{"counter":2,"key":"WeTvc3o3S1HrI2NLTELf7sDEnIh6wmKbCagEWAhyXiw="},"chainType":2,"messageKeys":{}},"BRdrueOqom5smr02ZtmFkDAl6daKQZWzLKvIW5eNlftx":{"chainKey":{"counter":-1,"key":"qAhMT8UHZXVAP9RBuSISe/exRmVymbjnn0wE+ZOrNUE="},"chainType":1,"messageKeys":{}}}}},"version":"v1"}