{"_sessions":{"BUvrqG869FSX61jltwv6rSwwvLfqTDogFr9pIyEYujkP":{"registrationId":464494048,"currentRatchet":{"ephemeralKeyPair":{"pubKey":"BSCqxmDdhQkQNCROBbp141q1hVpwJutIePZis2ajf4pt","privKey":"EM47gaB2xsJNr7BMNe9mJUf0fpxJHlh7/9yr6YMJNFo="},"lastRemoteEphemeralKey":"BX3Ax80t7ne/bYJ8AAWSqS5aiTU6NMN6AW28uqX5bb5F","previousCounter":0,"rootKey":"WfT+O3sTGY2JDeNmqO4wtBnG12p9eOHqPmG3AzGh6q8="},"indexInfo":{"baseKey":"BUvrqG869FSX61jltwv6rSwwvLfqTDogFr9pIyEYujkP","baseKeyType":2,"closed":-1,"used":1751257407451,"created":1751257407451,"remoteIdentityKey":"BdYELjxB/PsLxpZ9tXXhsZ2D2mjYNlDpqaknokVq8ENc"},"_chains":{"BX3Ax80t7ne/bYJ8AAWSqS5aiTU6NMN6AW28uqX5bb5F":{"chainKey":{"counter":0,"key":"Ep3WH7Vdh97hJl19HszAip60hyVkuVXXLX8Lfs0uPYs="},"chainType":2,"messageKeys":{}},"BSCqxmDdhQkQNCROBbp141q1hVpwJutIePZis2ajf4pt":{"chainKey":{"counter":-1,"key":"13+2gArkcXk1Y+0xPQ7CqDINOvsWBRMVJY8+cuMYGbk="},"chainType":1,"messageKeys":{}}}}},"version":"v1"}