{"_sessions":{"Bd1Hcd7N626xNymL5IfYaJpCFvCBd2xQOYlsZsT8ilFx":{"registrationId":560923149,"currentRatchet":{"ephemeralKeyPair":{"pubKey":"BRJakUiw4uhpbuldlBjp5lGt8mV7gyyd/lzAOKLE3fgy","privKey":"aAmOpPSa+bHbBTC/ysjb34t3x0a8jySJsOwpLUhnTmk="},"lastRemoteEphemeralKey":"BR45fmg/KMssCDrIeVgBATzxD3Y0/HZWRg+g4jY8fABl","previousCounter":0,"rootKey":"gGINyA2lWmVuGuY/0WJ9/2T//EUNuRoXYLuL8ycUG9c="},"indexInfo":{"baseKey":"Bd1Hcd7N626xNymL5IfYaJpCFvCBd2xQOYlsZsT8ilFx","baseKeyType":2,"closed":-1,"used":1751179767859,"created":1751179767859,"remoteIdentityKey":"BXBhtbHPIlfV89TqgBoZXw2bVy/uL1oPnqf4Ladgdwp2"},"_chains":{"BR45fmg/KMssCDrIeVgBATzxD3Y0/HZWRg+g4jY8fABl":{"chainKey":{"counter":3,"key":"eTvM1sVIYI4X5D0UdG5mDoImcJ722bMS0YQROWGyG48="},"chainType":2,"messageKeys":{"0":"vd+KmlP48yvHikbKFTVnMJXEwldp0AXYCArBmcja2PU="}},"BRJakUiw4uhpbuldlBjp5lGt8mV7gyyd/lzAOKLE3fgy":{"chainKey":{"counter":-1,"key":"1Kc93VIWWm0Z/DUljUDT3IMUo3URlHMBsWjgeN4tglc="},"chainType":1,"messageKeys":{}}}}},"version":"v1"}