{"_sessions":{"BSYM+xdQQJWqFEHzXrBUGJrw4IQYICKvs1jXsDnG5Y8Q":{"registrationId":11407,"currentRatchet":{"ephemeralKeyPair":{"pubKey":"BWZHOvC9HYUhQ9LSFoaLjaBt8jU+tzTGVl7+0LuiV1oa","privKey":"wLR6rh1Qf2/UsZKi/sjVQoviJSm2ZvKQ/xHg0GKjl1s="},"lastRemoteEphemeralKey":"BY1prbO27zf2C7tnZ5Y4q1ip8Zq9ut3zFYbZ+OizNNtK","previousCounter":0,"rootKey":"EUEw13ImszjMsPVY2eKJ8xAILucFdFfUcSKAwirYNow="},"indexInfo":{"baseKey":"BSYM+xdQQJWqFEHzXrBUGJrw4IQYICKvs1jXsDnG5Y8Q","baseKeyType":2,"closed":-1,"used":1751270884794,"created":1751270884794,"remoteIdentityKey":"Bf7E2pBRP+JztafzjaEnugRLRgrDFR9qSstnfC/ti3NT"},"_chains":{"BY1prbO27zf2C7tnZ5Y4q1ip8Zq9ut3zFYbZ+OizNNtK":{"chainKey":{"counter":2,"key":"5napG4eUyoLz64Vgd8fEL0kdDlbcc74vmsBdH13zFvw="},"chainType":2,"messageKeys":{}},"BWZHOvC9HYUhQ9LSFoaLjaBt8jU+tzTGVl7+0LuiV1oa":{"chainKey":{"counter":-1,"key":"ooye59Vz+HEHMwQ9mHGWvdHxVy0gjuQnAH9RDVufXJw="},"chainType":1,"messageKeys":{}}}}},"version":"v1"}