{"_sessions":{"BaDAnyrlJo4jyRukOCkgVbl+zuhxAF+cjbuAr3otjv5k":{"registrationId":1061332375,"currentRatchet":{"ephemeralKeyPair":{"pubKey":"Baudt6cs2Eob2p4fKbQ4NWZCDZhjVkmP9+5EoLDpUhMW","privKey":"QOwZMlhRG5AXy56CNGjY7OyKcqp4oEjLmxXCA8V6V0g="},"lastRemoteEphemeralKey":"BZyksVwcuDw8ubvP49HzT4+EK+ACU0YkK/fdOgHppgks","previousCounter":0,"rootKey":"6bE/fYv8muZ7jlY379uKbQd/U8Ju9jEsjHE1F27MiJ0="},"indexInfo":{"baseKey":"BaDAnyrlJo4jyRukOCkgVbl+zuhxAF+cjbuAr3otjv5k","baseKeyType":2,"closed":-1,"used":1751203114199,"created":1751203114199,"remoteIdentityKey":"BVTHYSfEmNWhS4NRJVyIJGaJd12dq0HOFikzdVj1M7Rz"},"_chains":{"BZyksVwcuDw8ubvP49HzT4+EK+ACU0YkK/fdOgHppgks":{"chainKey":{"counter":2,"key":"kMO9Hb67xGYX1HUgE24l8Uv62moQLMh4bP/6kWFeJIY="},"chainType":2,"messageKeys":{}},"Baudt6cs2Eob2p4fKbQ4NWZCDZhjVkmP9+5EoLDpUhMW":{"chainKey":{"counter":-1,"key":"4i3ObRMmapItkmtM7llNjo5u//FFXtPT0/P0bHZuhLA="},"chainType":1,"messageKeys":{}}}}},"version":"v1"}