{"_sessions":{"BTQW7c/kNLS37nG0LpWRAPAOihoVwhJrzEFctWgu7uJ6":{"registrationId":226334929,"currentRatchet":{"ephemeralKeyPair":{"pubKey":"BQE2hOTyRujEvJ6XGSQJPUa3pcK710/Wz53Tf3duGK1c","privKey":"+NYQKHUP3BQ+HlzvoQbN546rGy2C1Modp5jOCdoz0kw="},"lastRemoteEphemeralKey":"BUwnHoWmDq5NkPtNh9iXg7D1plS/TxRYJOgQTkIkFg0Z","previousCounter":0,"rootKey":"5nR4saljXVPovy0rSo9zOg7n/7Y7jRvUotle7s2xAYI="},"indexInfo":{"baseKey":"BTQW7c/kNLS37nG0LpWRAPAOihoVwhJrzEFctWgu7uJ6","baseKeyType":2,"closed":-1,"used":1751179766367,"created":1751179766367,"remoteIdentityKey":"BZ6gWslxelh//gpj5/lBSUOFfdjcpaMqMG8AjdSqBwRE"},"_chains":{"BUwnHoWmDq5NkPtNh9iXg7D1plS/TxRYJOgQTkIkFg0Z":{"chainKey":{"counter":0,"key":"4vsfnQQxx9a1TS2xXKhiNG9lqG1qfE4jW+SxxIrtnmo="},"chainType":2,"messageKeys":{}},"BQE2hOTyRujEvJ6XGSQJPUa3pcK710/Wz53Tf3duGK1c":{"chainKey":{"counter":-1,"key":"nExyO2hRp0qN1KX90drrGfunV7mRC26ukkX5ZXgMwiQ="},"chainType":1,"messageKeys":{}}}}},"version":"v1"}