{"_sessions":{"Bd9iz7S+OCGYBuDsGkz+pvs60QAAGtVB36/tgmIeWOIb":{"registrationId":1555491034,"currentRatchet":{"ephemeralKeyPair":{"pubKey":"BbkXg7y/9sRcZ27Ys1YPSO0Pg2jEAWZ1jO+MEUeFjzUH","privKey":"SJZ8pJ7cIfBftRWVpazddz5SD75qJYB+lwTLwkuG1VI="},"lastRemoteEphemeralKey":"BVfts7GFThao8p4hWKknSa0LBy5egPBiAGotbGWBXm9i","previousCounter":0,"rootKey":"paJGzg6PkvLwPqBOzUTvFcI4Fpv+MnGiaiACd3JDkfg="},"indexInfo":{"baseKey":"Bd9iz7S+OCGYBuDsGkz+pvs60QAAGtVB36/tgmIeWOIb","baseKeyType":2,"closed":-1,"used":1751342403198,"created":1751342403198,"remoteIdentityKey":"BSRzVPy5k4jyz5EacFjBgcIetFqC5tpo1U9VJkeqBmcz"},"_chains":{"BVfts7GFThao8p4hWKknSa0LBy5egPBiAGotbGWBXm9i":{"chainKey":{"counter":0,"key":"7vKF8Rhlq0fJdKAEyFUlkL8iKqs+uPUOjcCDO76b8tY="},"chainType":2,"messageKeys":{}},"BbkXg7y/9sRcZ27Ys1YPSO0Pg2jEAWZ1jO+MEUeFjzUH":{"chainKey":{"counter":-1,"key":"cbKCnjz3D8JnRJWI9+v+/FjsU+SUUrCxPhGw8d9GjOY="},"chainType":1,"messageKeys":{}}}}},"version":"v1"}