{"_sessions":{"BSeMPAxPdu0PFw5kSoBhQgxsqxJs57gCu8jCSdqLayMZ":{"registrationId":2117836709,"currentRatchet":{"ephemeralKeyPair":{"pubKey":"BbdHywmRBA0Dg9Vrx//rT6W6wlJ7OAvGLi8xQ1L5x2AG","privKey":"sKbpnZL8X38Q2Fi01Hqa6H/8dpQGpipuLytkRO4AkEg="},"lastRemoteEphemeralKey":"BWsse2PKFl6Uxd6g2UQ3h9AzrrhJjVhkcbqkmDTkilMN","previousCounter":0,"rootKey":"gkp4sbmUROgwQ2lcHbrOanNVE2LqxcgpIMEnHb2HZeY="},"indexInfo":{"baseKey":"BSeMPAxPdu0PFw5kSoBhQgxsqxJs57gCu8jCSdqLayMZ","baseKeyType":2,"closed":-1,"used":1751289743475,"created":1751289743475,"remoteIdentityKey":"BZDc7ve9tlnU9J6Ddi+Phk+UvSFrO5XWUkb7Hzf1kTks"},"_chains":{"BWsse2PKFl6Uxd6g2UQ3h9AzrrhJjVhkcbqkmDTkilMN":{"chainKey":{"counter":4,"key":"u1lRMcJwGvSbhzXHCuiGcBXVOlXqWvz41w2qSLOWNwQ="},"chainType":2,"messageKeys":{"0":"TUxy0g+skS2133acOyUoIgzUSlH1SDtVP3t0jSGrwOI=","1":"YuN7xh0PJM/28nAlnj0owN5HAnl9wtBsVohz5+gMpRQ=","2":"lClCioWis1Sc4IfZo857cdNY17rMWLdYFrBC1srLOjY="}},"BbdHywmRBA0Dg9Vrx//rT6W6wlJ7OAvGLi8xQ1L5x2AG":{"chainKey":{"counter":-1,"key":"EnPVWlEh3vjLYeAlaeZNbjIxnSUYCqXOzf1GO2TTvK0="},"chainType":1,"messageKeys":{}}}}},"version":"v1"}