{"_sessions":{"BaSV/QjB1Utp1J05GnzGQ6WIsy07GOYyOMJYibUe8P8S":{"registrationId":322268783,"currentRatchet":{"ephemeralKeyPair":{"pubKey":"BfpkI5xFS9yYBQxGfUGvvG+bTiwpFlR7Mkz1xZQBkOMX","privKey":"gBCwIZA/9TvnmKqqPu6dDt61K5I7yWp3YbAEzsxOr10="},"lastRemoteEphemeralKey":"BV4tGMeweHKYcxZqy4FQluMyrrN1DQl7hHJa0UHqsTEH","previousCounter":0,"rootKey":"D1kYK0wuIOg4o4uZIruNfYder4iifgDNc3ODgB/Nueg="},"indexInfo":{"baseKey":"BaSV/QjB1Utp1J05GnzGQ6WIsy07GOYyOMJYibUe8P8S","baseKeyType":2,"closed":-1,"used":1751248280823,"created":1751248280823,"remoteIdentityKey":"BR9lvtmwpRwxXo7uMrBOf/WJCqsPdx8aG1WI5EA2Ho8t"},"_chains":{"BV4tGMeweHKYcxZqy4FQluMyrrN1DQl7hHJa0UHqsTEH":{"chainKey":{"counter":0,"key":"sB4fzxm5p4WiFXiHQY0hul2Hum+7kr89F8jHsJMYMVI="},"chainType":2,"messageKeys":{}},"BfpkI5xFS9yYBQxGfUGvvG+bTiwpFlR7Mkz1xZQBkOMX":{"chainKey":{"counter":-1,"key":"qcLWarPEHZCrTmStuZZRJpOpbkFX8S+LbR/DlAT/nMU="},"chainType":1,"messageKeys":{}}}}},"version":"v1"}