{"_sessions":{"BYcoT23H9aYh8QJSoRvYgRg8TzR97dVAB13ZXD5bD3A9":{"registrationId":2087229381,"currentRatchet":{"ephemeralKeyPair":{"pubKey":"Bf07thR2+MIikcsqqP8JwS/4qn+Uww0cxBE/qvyVhFB6","privKey":"6FpbC9TK2gArOSxpHN+dhQitFUo4+5Pxk6e2IMmsWGw="},"lastRemoteEphemeralKey":"BYyS/4e0Skx2TY9jbr/uBjivXqmwdJWOuWPfWwxnRvdx","previousCounter":0,"rootKey":"A4NQb39ITGSvUvK0y6dX4EqUhPXgFs8LLbG55uOLS+8="},"indexInfo":{"baseKey":"BYcoT23H9aYh8QJSoRvYgRg8TzR97dVAB13ZXD5bD3A9","baseKeyType":2,"closed":-1,"used":1751430606664,"created":1751430606664,"remoteIdentityKey":"BRSNXrnOPJNZWeghbszDc+bAycbYgO+MrMiHRrdEuGAv"},"_chains":{"BYyS/4e0Skx2TY9jbr/uBjivXqmwdJWOuWPfWwxnRvdx":{"chainKey":{"counter":0,"key":"GpAtZDTVUCRO5WEFGur52dNKqkHoHdGV6cXasL6zZQk="},"chainType":2,"messageKeys":{}},"Bf07thR2+MIikcsqqP8JwS/4qn+Uww0cxBE/qvyVhFB6":{"chainKey":{"counter":-1,"key":"Nl4zCPG6sXlG2zanr3Qp9qAB17M3tK0eH9T7Wl6EgPw="},"chainType":1,"messageKeys":{}}}}},"version":"v1"}