{"_sessions":{"BUIhteM0pz/pmGgHJ7Rmk1Xe9Qq3hkyv+AVYdG2E/jkL":{"registrationId":1725615456,"currentRatchet":{"ephemeralKeyPair":{"pubKey":"BWUR68eQLQhTg4YVxcUEgka2O4TL8Vt8elzd1lQ3yNI1","privKey":"WElL0Pny6eRmtt8C9J0NWuldJalMp5yRysdI+kxcD24="},"lastRemoteEphemeralKey":"BZeUw+I1PwuzVQ6HA0dE6prSOKpFCmcAFmxuRcdcjBVO","previousCounter":0,"rootKey":"DKG3iTFUeRRRh1/8rIingIppesLKmULtCOq9jDQgbMc="},"indexInfo":{"baseKey":"BUIhteM0pz/pmGgHJ7Rmk1Xe9Qq3hkyv+AVYdG2E/jkL","baseKeyType":2,"closed":-1,"used":1751181176790,"created":1751181176790,"remoteIdentityKey":"BRrhC/ippiAVpYj1i+IPWZ2lhmg1EUVVQ3lIS2T40plN"},"_chains":{"BZeUw+I1PwuzVQ6HA0dE6prSOKpFCmcAFmxuRcdcjBVO":{"chainKey":{"counter":0,"key":"jQWazPWmgD3wzOcNF50xpPbVqPxNpClPnFCdVYDLBlI="},"chainType":2,"messageKeys":{}},"BWUR68eQLQhTg4YVxcUEgka2O4TL8Vt8elzd1lQ3yNI1":{"chainKey":{"counter":-1,"key":"4cj7gtkt5vxXODVG6ikvcrb1hh1JkbNDxsBK3xOQqiw="},"chainType":1,"messageKeys":{}}}}},"version":"v1"}