{"_sessions":{"BeDzmXeALQVMMz2kmu45OoeR7Ve/nkth0W6MYlAdn8xq":{"registrationId":2047361338,"currentRatchet":{"ephemeralKeyPair":{"pubKey":"BcWCdV+1AIE73A6U87rmk/qVhPSD37XkbmhGTa8M33A+","privKey":"EDprprFdt5gkVxoxlTY4ikqOSItu3SsOtPoWITb8A0k="},"lastRemoteEphemeralKey":"BY7hCF+y/qUQ5KzYsdLaO79GI6xVRrpbjXrgbzive6pP","previousCounter":0,"rootKey":"eLNwKdVoHzQouK77+KE7uyEcGYI5VkZI60hygs/UMYI="},"indexInfo":{"baseKey":"BeDzmXeALQVMMz2kmu45OoeR7Ve/nkth0W6MYlAdn8xq","baseKeyType":2,"closed":-1,"used":1751430603294,"created":1751430603294,"remoteIdentityKey":"Bb2GOMm/EM80jFKiIRnunehptvF6gHJ7Lw1n4HT3NBAa"},"_chains":{"BY7hCF+y/qUQ5KzYsdLaO79GI6xVRrpbjXrgbzive6pP":{"chainKey":{"counter":3,"key":"BImEJghXUZQDU3M4nW/jYqWWfPRhxYdVb1MGDNGADnc="},"chainType":2,"messageKeys":{}},"BcWCdV+1AIE73A6U87rmk/qVhPSD37XkbmhGTa8M33A+":{"chainKey":{"counter":-1,"key":"lrxq8TYOmWIALp2gCczZZpFB5Szk+yy2/0FOWc6ngmc="},"chainType":1,"messageKeys":{}}}}},"version":"v1"}