{"_sessions":{"BdsisIsTC4u6ZvJNbyXb1B++TVAgTbD46+uRJyJe6yRq":{"registrationId":668439604,"currentRatchet":{"ephemeralKeyPair":{"pubKey":"BSY0pwxwf3zpkfEnVvX04sJgxfXptvRzgs7QsI9qY5cI","privKey":"UE+g598PsfKCSPnu7PfCYXGtJoOV9KT/zo9XLTfUB2c="},"lastRemoteEphemeralKey":"BbFV525lwIBTiH5GKkV0EsWfBRZkxkd79OOD2UOWYGM9","previousCounter":0,"rootKey":"Ny1Zkw77WWCNJrtxk5+z1/M00yMGRAOv5nzUWZsS4jE="},"indexInfo":{"baseKey":"BdsisIsTC4u6ZvJNbyXb1B++TVAgTbD46+uRJyJe6yRq","baseKeyType":2,"closed":-1,"used":1751248279189,"created":1751248279189,"remoteIdentityKey":"BcRsH5lZFXfiLtUtcp0UUEXP3PE67/RcF66kcU7AoX5k"},"_chains":{"BbFV525lwIBTiH5GKkV0EsWfBRZkxkd79OOD2UOWYGM9":{"chainKey":{"counter":1,"key":"D4W128FfMhMaWkJfo61nuCe67aO0RZ3b3xnFvRZvMek="},"chainType":2,"messageKeys":{}},"BSY0pwxwf3zpkfEnVvX04sJgxfXptvRzgs7QsI9qY5cI":{"chainKey":{"counter":-1,"key":"aIiEsHqxj8cyu51bK7oNuEaE4cfm4cuTzgRYWWToC7Q="},"chainType":1,"messageKeys":{}}}}},"version":"v1"}