{"_sessions":{"Bd2yYPv8fJ62gy2v3VZlqvD4TfsAcQm7eTWAtgac0cFl":{"registrationId":1406910440,"currentRatchet":{"ephemeralKeyPair":{"pubKey":"BbVbKI2Vrfk/J/UGKnVTOJWJ+mPo+aFv3IJ+DtZuvt9Z","privKey":"uCs5cX6QhP0E4pAe9gZj/M+qfFD81VoR1i+roK+gbX4="},"lastRemoteEphemeralKey":"BSGo6YIVX8hLbuiUwZgd/VoMhPXiwXEQ2Kg5fnS/ZiQR","previousCounter":0,"rootKey":"DY4VTW00AQ/sxh+g+o04PxgQTP/DBxo4PETgIkjCHhM="},"indexInfo":{"baseKey":"Bd2yYPv8fJ62gy2v3VZlqvD4TfsAcQm7eTWAtgac0cFl","baseKeyType":2,"closed":-1,"used":1751248280627,"created":1751248280627,"remoteIdentityKey":"BRLoqdGAPSz8iDo0dqs5fhidI2obb4HQUUKsFD8f7jRh"},"_chains":{"BSGo6YIVX8hLbuiUwZgd/VoMhPXiwXEQ2Kg5fnS/ZiQR":{"chainKey":{"counter":0,"key":"TEULip+DVbDUQyJyHfvu7PEtahAj/tsAvi+5+GZmrGo="},"chainType":2,"messageKeys":{}},"BbVbKI2Vrfk/J/UGKnVTOJWJ+mPo+aFv3IJ+DtZuvt9Z":{"chainKey":{"counter":-1,"key":"oS13Q9e3S64YWXCmZJ70dS4EYS4mYXw534K8xpIqILA="},"chainType":1,"messageKeys":{}}}}},"version":"v1"}