{"_sessions":{"BZNSGAZFF7iCA4yVE/eNg3Mx4vGlFZ89MkAc9cVyhIwz":{"registrationId":795177127,"currentRatchet":{"ephemeralKeyPair":{"pubKey":"BQEkul/UAhmz25u+jqzkccIJZ/2G2W+pmE2QVQiD86Av","privKey":"GIJhB86eF6t78kUxeTFyY4U+HH5ArUEOuCJjh1fpP3w="},"lastRemoteEphemeralKey":"BXMXypQZtHZweH4ODkI/DEAmFnhJYv51/ZCQHGuSA3wN","previousCounter":0,"rootKey":"SVgg3b8zGZKPpyG+nDljKmg6YT+Kfp5/wxFeY833wwQ="},"indexInfo":{"baseKey":"BZNSGAZFF7iCA4yVE/eNg3Mx4vGlFZ89MkAc9cVyhIwz","baseKeyType":2,"closed":-1,"used":1751286322668,"created":1751286322668,"remoteIdentityKey":"BRxgTqsdMce2UcmmxAq0aP1GTvm/ugBkt3eWklfieX0+"},"_chains":{"BXMXypQZtHZweH4ODkI/DEAmFnhJYv51/ZCQHGuSA3wN":{"chainKey":{"counter":12,"key":"U0z6okdq7d6IC7bgxdyiPWnGWlvmroMP3Dq6BtNfdGs="},"chainType":2,"messageKeys":{}},"BQEkul/UAhmz25u+jqzkccIJZ/2G2W+pmE2QVQiD86Av":{"chainKey":{"counter":-1,"key":"qucXDe860c36eDVRz/rfGNLJ+pt5+ibAqaGYzi5bv38="},"chainType":1,"messageKeys":{}}}}},"version":"v1"}