{"_sessions":{"BWdHi891R4C++1xQYniNtnTDT2gbE9j65n6sLJ9ygCcO":{"registrationId":505299241,"currentRatchet":{"ephemeralKeyPair":{"pubKey":"BQW7jb7m2NRAuqDS9rDz4+5gcON9aTA+nXhWh50rAFlQ","privKey":"iCtDtA39esU/lO5n0VQjIxC3wcEoBlBToJzis+K3rWY="},"lastRemoteEphemeralKey":"BUrvbNwHzwoeeWhfb/wBJr/IY4EvyYDu0jJSKoYKpMUb","previousCounter":0,"rootKey":"4z2bguUy0BGOh0mY/Vz8aa0A4QxsJv/YTfrn+lgej7I="},"indexInfo":{"baseKey":"BWdHi891R4C++1xQYniNtnTDT2gbE9j65n6sLJ9ygCcO","baseKeyType":2,"closed":-1,"used":1751337580099,"created":1751337580099,"remoteIdentityKey":"BasV5K6HGd7E8EKslXw+xuWhA7zf0TVYPTRkg3m4s9lN"},"_chains":{"BUrvbNwHzwoeeWhfb/wBJr/IY4EvyYDu0jJSKoYKpMUb":{"chainKey":{"counter":1,"key":"plku7XfEOjisfFUm+alUZ9hHZy2fE4YuKJMma87ZoRc="},"chainType":2,"messageKeys":{}},"BQW7jb7m2NRAuqDS9rDz4+5gcON9aTA+nXhWh50rAFlQ":{"chainKey":{"counter":-1,"key":"z2Yg6x0fwtOMd+ostDoKg1u3qgcD0qidsYBm7YhuN5M="},"chainType":1,"messageKeys":{}}}}},"version":"v1"}