{"_sessions":{"BfhB3FXVAebYZHZGqgh5qsPZN2Fa+Te9QoGSPOt3UaQk":{"registrationId":56872148,"currentRatchet":{"ephemeralKeyPair":{"pubKey":"BaovMRSC6f4aZHDMgG1PuqGFDL+hhiKjGxyZXEEdSDtc","privKey":"8N6CYB4r4JzwP4JjZbAsJwX9YEpF7eA4r8uKU3C3jHs="},"lastRemoteEphemeralKey":"BawB+RWEwT9dXzRqVjA6TMHr1ZZNFx1Qlbp4U7NCnZQH","previousCounter":0,"rootKey":"pY0qnmAnyPf2M2c+GWxk62D1BaVLaCXIBChxyHJU5qo="},"indexInfo":{"baseKey":"BfhB3FXVAebYZHZGqgh5qsPZN2Fa+Te9QoGSPOt3UaQk","baseKeyType":2,"closed":-1,"used":1751248279093,"created":1751248279093,"remoteIdentityKey":"BYUZAYnnLFaxHWfJ32PM97Jtvc9wDXcI8pV0hEOJ8hoU"},"_chains":{"BawB+RWEwT9dXzRqVjA6TMHr1ZZNFx1Qlbp4U7NCnZQH":{"chainKey":{"counter":1,"key":"qBSGIhxI6QotIGzzg7zkILQVXXYUghpALOflr2yaqFc="},"chainType":2,"messageKeys":{}},"BaovMRSC6f4aZHDMgG1PuqGFDL+hhiKjGxyZXEEdSDtc":{"chainKey":{"counter":-1,"key":"grRX4hTBFD8vRAcjc1iCwElCjfjaCl7G/SLIF1sp4X4="},"chainType":1,"messageKeys":{}}}}},"version":"v1"}