{"_sessions":{"BbVbM4G9Bkg3xbnxwpAxVWh91UteWYLbGvcfdNhKzZMV":{"registrationId":331100228,"currentRatchet":{"ephemeralKeyPair":{"pubKey":"BZcPk2OFjxmyGElBIwbENs4/wfcpC6wOC/w48oemuz1z","privKey":"oKrunLWmF4v2cviCkAthYCyfqCr99IL9sBwPg0CmgkE="},"lastRemoteEphemeralKey":"BblA1VbpPOoQZmaF16xlbaPIhtXfLF715pLpoZenG4EU","previousCounter":0,"rootKey":"evXImJXV3Zq0mpN5nDl8LE25cTgaoZQ2Eek7FAmJGMQ="},"indexInfo":{"baseKey":"BbVbM4G9Bkg3xbnxwpAxVWh91UteWYLbGvcfdNhKzZMV","baseKeyType":2,"closed":-1,"used":1751255714929,"created":1751255714929,"remoteIdentityKey":"BcYRR8XuJQ8SpRl16p9UxXxrQjyh22rLDKBVt6F6gS95"},"_chains":{"BblA1VbpPOoQZmaF16xlbaPIhtXfLF715pLpoZenG4EU":{"chainKey":{"counter":0,"key":"gvtVlk3TTfi8JeQLV6wU4XpiqVHZy/5wwX7RyMFbXx8="},"chainType":2,"messageKeys":{}},"BZcPk2OFjxmyGElBIwbENs4/wfcpC6wOC/w48oemuz1z":{"chainKey":{"counter":-1,"key":"j91h5sX1LxoXkwGHbvJ0YeAdLT135wNWj2XyoNb/HUE="},"chainType":1,"messageKeys":{}}}}},"version":"v1"}