{"_sessions":{"Bb7dJY0dro8QhFHuhPVlFEMSaNUlUjc5GQtI+9G+zT8u":{"registrationId":1215193573,"currentRatchet":{"ephemeralKeyPair":{"pubKey":"BWcEv6t6a33wmCEI3MPK6vc+k0D8/b/++Q/ASxUY8Sdt","privKey":"UIit6cFl/mLC6Bi/UVzAtMpdgYxZOK8QWFI8JoNCnFU="},"lastRemoteEphemeralKey":"BfO4tnNRw0TSz7a433l8zM4+OYSMWraQ0rFbMjllFoxV","previousCounter":0,"rootKey":"rkb9328M+R0Z/HlQoAcHAC5mmOtYsuuD9kl/RHe59Zk="},"indexInfo":{"baseKey":"Bb7dJY0dro8QhFHuhPVlFEMSaNUlUjc5GQtI+9G+zT8u","baseKeyType":2,"closed":-1,"used":1751290139218,"created":1751290139218,"remoteIdentityKey":"Bbz/7fZyz2qj1X1Ri2DESNjOWZoDSz59FPgos3Dzo3tV"},"_chains":{"BfO4tnNRw0TSz7a433l8zM4+OYSMWraQ0rFbMjllFoxV":{"chainKey":{"counter":0,"key":"uWWW6601FHFS7NhZWDm7Wztp9wmWAJ9Ag0SPh8cX5cE="},"chainType":2,"messageKeys":{}},"BWcEv6t6a33wmCEI3MPK6vc+k0D8/b/++Q/ASxUY8Sdt":{"chainKey":{"counter":-1,"key":"IYOVQk8iHcbulFPcobu/H8BJYSQ8/3glvu7wpSnaKIQ="},"chainType":1,"messageKeys":{}}}}},"version":"v1"}