{"_sessions":{"BagBNec+prRrMmmMljg+8FvO7Qlx8+9WDp0E/NPCViZL":{"registrationId":854056634,"currentRatchet":{"ephemeralKeyPair":{"pubKey":"BV/I8NAN+FTFyJtvJZ6G/r9FvXWMnwN1CvYl7KYLSO9t","privKey":"kDyrw9syKw3bYUXV5jcpCcwxKZ50qVsKToDTKRxtr1Y="},"lastRemoteEphemeralKey":"BdnYPI/i/eQgw3diF3HbrCPcDeGoQshmrtHP303EiJo7","previousCounter":0,"rootKey":"wfgDd7BK0DmNQUE2nWJ44u6KVlitZKSUas+PwsObkgk="},"indexInfo":{"baseKey":"BagBNec+prRrMmmMljg+8FvO7Qlx8+9WDp0E/NPCViZL","baseKeyType":2,"closed":-1,"used":1751118267028,"created":1751118267028,"remoteIdentityKey":"BdqTHLkgLshPLEOHPas36haEbNJw3avFnSYS8JSbaZZS"},"_chains":{"BdnYPI/i/eQgw3diF3HbrCPcDeGoQshmrtHP303EiJo7":{"chainKey":{"counter":1,"key":"wtftUDEeJdxyWk6sqoD+SCtVF8yVlb1XAwDhKcJ3YIQ="},"chainType":2,"messageKeys":{}},"BV/I8NAN+FTFyJtvJZ6G/r9FvXWMnwN1CvYl7KYLSO9t":{"chainKey":{"counter":-1,"key":"cXRUgLDKC4+Mdw5rk7XIXr1jQTSAkQSlhlJ4DZfk7vs="},"chainType":1,"messageKeys":{}}}}},"version":"v1"}