{"_sessions":{"BbH7sIch0g0KYAFY8moUdrysZygIBr14jlYU691UZuN1":{"registrationId":1973821231,"currentRatchet":{"ephemeralKeyPair":{"pubKey":"BXZdEYvPrEIW3+JYpDJe2EwWCNqTwFcZzJ6ux5RAmp4b","privKey":"+BPHN0ub3aphLccuGhHY19FGPaJZKhZiIApMW5q7eWg="},"lastRemoteEphemeralKey":"BYdbetl+6EVRHP4xon2qI83sJZpHBaztCRZ+G7DIrQk5","previousCounter":0,"rootKey":"NgflpToaV834vZPEhqcxEQE+GMPoE7poIflMOfy0qmg="},"indexInfo":{"baseKey":"BbH7sIch0g0KYAFY8moUdrysZygIBr14jlYU691UZuN1","baseKeyType":2,"closed":-1,"used":1751179767811,"created":1751179767811,"remoteIdentityKey":"BbYfopLevLGRtyrIbKJu8FwWDPqqd+9mQmPkrdYG6Uor"},"_chains":{"BYdbetl+6EVRHP4xon2qI83sJZpHBaztCRZ+G7DIrQk5":{"chainKey":{"counter":2,"key":"k/EOpuFEq4b4PajLxd8O1ZnCgBvjik7FIF+sBQGm2No="},"chainType":2,"messageKeys":{}},"BXZdEYvPrEIW3+JYpDJe2EwWCNqTwFcZzJ6ux5RAmp4b":{"chainKey":{"counter":-1,"key":"KW4mEQ6Zkkz7K6Fd230ovAOWepFceWJC0pZh4bsVq3I="},"chainType":1,"messageKeys":{}}}}},"version":"v1"}