{"_sessions":{"BdEdatnSwGcsGyO35YK2MZGc5LVKoL9N68aG+Hk2/Exp":{"registrationId":1018754866,"currentRatchet":{"ephemeralKeyPair":{"pubKey":"BV27oyfgiWytz36taU+FjAnZCQV1ugR8oIFxLR+DRL8v","privKey":"aBQOEOA0hXb7W9oS7aGvpv8nmT1pg6mjoMrHg3MeAmA="},"lastRemoteEphemeralKey":"BaUa5TM8Qnk1lSTU4IlF0C2Ohk81qNlaqUGt/MFbDHkn","previousCounter":0,"rootKey":"tkmHTCaHeog5OnedzZYun3e1UYoyu8KTFFuw4ae2CcM="},"indexInfo":{"baseKey":"BdEdatnSwGcsGyO35YK2MZGc5LVKoL9N68aG+Hk2/Exp","baseKeyType":2,"closed":-1,"used":1751196597298,"created":1751196597298,"remoteIdentityKey":"Bb+ZjFyM0+WqYjzQNgAq4G3/vdi7XcuzFXouOj4fZvES"},"_chains":{"BaUa5TM8Qnk1lSTU4IlF0C2Ohk81qNlaqUGt/MFbDHkn":{"chainKey":{"counter":0,"key":"28nsKBGl/N1ITyTOm4lgiE3wEyA4b0VSYFMJhJ6v7Hc="},"chainType":2,"messageKeys":{}},"BV27oyfgiWytz36taU+FjAnZCQV1ugR8oIFxLR+DRL8v":{"chainKey":{"counter":-1,"key":"WUcWdte7FwAlEyMbaCzxX9v9JIGuT6k5qXJjVK/tm7M="},"chainType":1,"messageKeys":{}}}}},"version":"v1"}