{"_sessions":{"BUtn2eB1jmM1rYo/eZlhcmPBaqDD+SIgHXB+/0eJqy8B":{"registrationId":1798973482,"currentRatchet":{"ephemeralKeyPair":{"pubKey":"BXav2lHzUtm4vz+ggywoTP0ZytFx76V48TF1+MAuoPdp","privKey":"8HfaLhlWuI+Og09eOizhLWhmIKStlqp1uXxmraUbamY="},"lastRemoteEphemeralKey":"BRaJF/vQkHJdpkK3F/Q1TkMtGzuIJmORN3/Ji9V5R5xg","previousCounter":0,"rootKey":"dlEuVPjy+7X4jELgqv4wbhsYRrU0R1z8GiQeVF/HTs8="},"indexInfo":{"baseKey":"BUtn2eB1jmM1rYo/eZlhcmPBaqDD+SIgHXB+/0eJqy8B","baseKeyType":2,"closed":-1,"used":1751124499065,"created":1751124499065,"remoteIdentityKey":"BRDUowZ05xtieyy16vse47l0bu66nwwqYGjtPd7oDb0S"},"_chains":{"BRaJF/vQkHJdpkK3F/Q1TkMtGzuIJmORN3/Ji9V5R5xg":{"chainKey":{"counter":1,"key":"Q1lAQgcadnJf9Wzsj1SbOtqUMqKHNa6JU0TSKjmJ2/A="},"chainType":2,"messageKeys":{}},"BXav2lHzUtm4vz+ggywoTP0ZytFx76V48TF1+MAuoPdp":{"chainKey":{"counter":-1,"key":"j1IrvltDbqqY4ESsXnb2JltAf6mOSkYAyczVOrFJlzs="},"chainType":1,"messageKeys":{}}}}},"version":"v1"}