{"_sessions":{"Be1ytUPe9UuZLyWHbWzmYisAqX2pzv3ZFsGylHIHt81P":{"registrationId":1533695115,"currentRatchet":{"ephemeralKeyPair":{"pubKey":"BT148c5dGcEbc6SGXHZRKs9TQilc+tUCmA6Ux3hdUtxM","privKey":"SMQAwWAcmeuiRdpOd4QqOmHHh6epgXjksHOGaSpc0Gc="},"lastRemoteEphemeralKey":"BekG4IsxuLswBMm/fyttJLikYQ6XD8AoJ3rvpJykMTtj","previousCounter":0,"rootKey":"7c+W4AifAFSRDxsCnhmqfAiUEOnYAnnE9Qs2DLy1nYc="},"indexInfo":{"baseKey":"Be1ytUPe9UuZLyWHbWzmYisAqX2pzv3ZFsGylHIHt81P","baseKeyType":2,"closed":-1,"used":1751248280808,"created":1751248280808,"remoteIdentityKey":"BW+Sbj5ODKLAC/8hjEzcVgdZuW/70YJW84kA1jKm8cpg"},"_chains":{"BekG4IsxuLswBMm/fyttJLikYQ6XD8AoJ3rvpJykMTtj":{"chainKey":{"counter":0,"key":"+MXlf3K1YNcL1sDcM5btM0guLAFKbzAjp7rrcHA6XAI="},"chainType":2,"messageKeys":{}},"BT148c5dGcEbc6SGXHZRKs9TQilc+tUCmA6Ux3hdUtxM":{"chainKey":{"counter":-1,"key":"o11gltxirgzFcjKzdfOKVklJ1UAHcxjIZYnkRPjgMr4="},"chainType":1,"messageKeys":{}}}}},"version":"v1"}