{"_sessions":{"BWmS7vkboYdKTVH1f5y6l7QJ8NH0jA56Q/NOK7g6TJgi":{"registrationId":2023518837,"currentRatchet":{"ephemeralKeyPair":{"pubKey":"BfJhB2cByyRBdrPdGcMxQwwuFraynZFwXnYS8ZigvZcE","privKey":"GNe7TW2ntDieIxcunwqoEHYAWjHYXMU1vvHZEX7gins="},"lastRemoteEphemeralKey":"Bco6HfFQTwTngM2PQVb/Ly5Jg8jzXwjISHbQ+6PhRgsk","previousCounter":0,"rootKey":"ppkfmqub0xTtv3u1KlLEJ94vOw5472UcltF2aQfeOFc="},"indexInfo":{"baseKey":"BWmS7vkboYdKTVH1f5y6l7QJ8NH0jA56Q/NOK7g6TJgi","baseKeyType":2,"closed":-1,"used":1751106491537,"created":1751106491537,"remoteIdentityKey":"BbYR/tCGbaUEOktvAtTVTRQMKFBgEpd04wm59HAy+4MK"},"_chains":{"Bco6HfFQTwTngM2PQVb/Ly5Jg8jzXwjISHbQ+6PhRgsk":{"chainKey":{"counter":7,"key":"ZrzT397tvzRNFvUQHTe8BaObM5K29gUNKB3OyFrsIII="},"chainType":2,"messageKeys":{}},"BfJhB2cByyRBdrPdGcMxQwwuFraynZFwXnYS8ZigvZcE":{"chainKey":{"counter":-1,"key":"Y4wCN3OhOyJzahenOS5rh6VsoJEtQ2DJotGs7cLGDW4="},"chainType":1,"messageKeys":{}}}}},"version":"v1"}