{"_sessions":{"BUnmNpHbGjYcPDR6O7lsEU8YmivMjNx7AtpuI+iVUWF7":{"registrationId":10225,"currentRatchet":{"ephemeralKeyPair":{"pubKey":"BYFY5aIBSWEnvSyZvuMmsAuoHf8g/jXMif8TQd8pzwAO","privKey":"eL0QSJNHISpxyZhc/LXyohtNAZv7OeTNL8XJvwaH4mo="},"lastRemoteEphemeralKey":"BagNz1WRrx0UbMRvfad8/GVpU7IpYyU66KFHosr5mxIX","previousCounter":0,"rootKey":"+Nv4H5TANLGzt9BS7wir7BkOi9WAH+00HROEvHxZvfE="},"indexInfo":{"baseKey":"BUnmNpHbGjYcPDR6O7lsEU8YmivMjNx7AtpuI+iVUWF7","baseKeyType":2,"closed":-1,"used":1751252903130,"created":1751252903130,"remoteIdentityKey":"BX9pbVi9Sb1AIdvmP7Wl+uKVv43OpfKAqA1+9ojeLBQr"},"_chains":{"BagNz1WRrx0UbMRvfad8/GVpU7IpYyU66KFHosr5mxIX":{"chainKey":{"counter":1,"key":"ZUj8iKemzEoAAiedOvqCzdwqIIjXsGsNno3WV+O2e4Q="},"chainType":2,"messageKeys":{}},"BYFY5aIBSWEnvSyZvuMmsAuoHf8g/jXMif8TQd8pzwAO":{"chainKey":{"counter":-1,"key":"pe+DcyiNvcSBq1IgLqbC/1UQqJ77qX5XEtZNR5fZW5c="},"chainType":1,"messageKeys":{}}}}},"version":"v1"}