{"_sessions":{"BZK5D9J/xiceXnsKFPb6w4XVqGavc7o2yElyPLKhHglM":{"registrationId":168262687,"currentRatchet":{"ephemeralKeyPair":{"pubKey":"BT0RuWUXDS9HQ9RUf7Unky/Y3qxzNJvn7qcEnx2ZlW9r","privKey":"WLIwoKHagBJVhIwSaMGvcgrGpTa3Zo0qoHZRithI63E="},"lastRemoteEphemeralKey":"BTEFya4OMIm8hyw1tCLBs2DJcq2UyNHDic69cWsNAfIz","previousCounter":0,"rootKey":"WFggU3koWtFRJ2KRsS3wEMhVanwKYfqMKvt62xxrr/Y="},"indexInfo":{"baseKey":"BZK5D9J/xiceXnsKFPb6w4XVqGavc7o2yElyPLKhHglM","baseKeyType":2,"closed":-1,"used":1751179761509,"created":1751179761509,"remoteIdentityKey":"BWHL4m6Pq5b4u77dmpacjBCxoRqCYBHqmStuDmwmGgwL"},"_chains":{"BTEFya4OMIm8hyw1tCLBs2DJcq2UyNHDic69cWsNAfIz":{"chainKey":{"counter":13,"key":"yomonwZ+bmB1YoBbtUNwZylFLdP7AZBGVkKxTTP+YYs="},"chainType":2,"messageKeys":{}},"BT0RuWUXDS9HQ9RUf7Unky/Y3qxzNJvn7qcEnx2ZlW9r":{"chainKey":{"counter":-1,"key":"6DueSppD5/BUbAdB5qKx7DeyNipqpKpcMSOLJ2RkfTU="},"chainType":1,"messageKeys":{}}}}},"version":"v1"}