{"_sessions":{"BSutoAF0aiVYnYwHDqZjgkkxWXV6aTvptyO9If9V0vER":{"registrationId":563918157,"currentRatchet":{"ephemeralKeyPair":{"pubKey":"BaIV2Ryueu6x7ltN5Mpncf24FV92VbzJGQsToH8D4tMj","privKey":"gBi8jV8ptIbrPUx8MWO/sK5GWzEq9dRb+eUpKwrpgXk="},"lastRemoteEphemeralKey":"Bazf8H8LQCfTlOlB4rpZBjjY515eQVBOAG1ZKeG/4fdO","previousCounter":0,"rootKey":"+mGlRBhoitaBKJlEldAJsok6syjsJwtyQwZD2w9GZ0w="},"indexInfo":{"baseKey":"BSutoAF0aiVYnYwHDqZjgkkxWXV6aTvptyO9If9V0vER","baseKeyType":2,"closed":-1,"used":1751291546776,"created":1751291546776,"remoteIdentityKey":"BbZPp4mBeLiO2ieaFiiFILJX2Maudg3PYc2zCPa7fown"},"_chains":{"Bazf8H8LQCfTlOlB4rpZBjjY515eQVBOAG1ZKeG/4fdO":{"chainKey":{"counter":0,"key":"IJWSuL+w9oNdh+178icZUU6xCKbYIACNL6ls8hD9Ngc="},"chainType":2,"messageKeys":{}},"BaIV2Ryueu6x7ltN5Mpncf24FV92VbzJGQsToH8D4tMj":{"chainKey":{"counter":-1,"key":"gXSLylwGhMPMgNiKwEBGedJfwo+6KT9PVwtMnI0rZ/s="},"chainType":1,"messageKeys":{}}}}},"version":"v1"}