{"_sessions":{"BfLBUG4LNc+mP4fBzH5Zz81KT9GMBIP42R2nl4VArHpH":{"registrationId":2144680240,"currentRatchet":{"ephemeralKeyPair":{"pubKey":"BTjCLqAdJqzxmcxLGSL9BoF/8NYKen5FkYEGkKqnVS01","privKey":"EMjgDGvG7WFIIt4Bqpa58IwMFhxzhBMcTIQVZhO0l0Q="},"lastRemoteEphemeralKey":"Be7ZU4+XqfWel7NC9BEsumktGQl7Tb1DE2qGNNYYTTct","previousCounter":0,"rootKey":"UwvDdJMBRR1sfdV2PO40x4RkDQKsEQup67KNTtbyccw="},"indexInfo":{"baseKey":"BfLBUG4LNc+mP4fBzH5Zz81KT9GMBIP42R2nl4VArHpH","baseKeyType":2,"closed":-1,"used":1751179761460,"created":1751179761460,"remoteIdentityKey":"BSJpRLJIR4DFet4mdf1XZRlbCKKkepDmGrTcqzkOe/Zd"},"_chains":{"Be7ZU4+XqfWel7NC9BEsumktGQl7Tb1DE2qGNNYYTTct":{"chainKey":{"counter":10,"key":"x2xTMaYeqZ7IBZfZB9tYSuWVYpQM6L4s+DbgFp63Izs="},"chainType":2,"messageKeys":{"2":"yuf7A2lfwZH2zb1KBqi7PWdP7Qzl3IhE95Wxj34a3bI=","4":"o35aGVYGlry+sz31hy+225ZdrtjLo5durZo3JiatLFU=","6":"3eBUeTMlt0+PM3GZy14ntjndPfmM9GMWErSxAGWGrZ0="}},"BTjCLqAdJqzxmcxLGSL9BoF/8NYKen5FkYEGkKqnVS01":{"chainKey":{"counter":-1,"key":"lCxpVMRceIXSjn+hH57+72JW+Je0vGjHuXtf4iY6rBM="},"chainType":1,"messageKeys":{}}}}},"version":"v1"}