{"_sessions":{"Be5r/41JJJ8Wl8+oo6yf3GR3REKNLxUeEXUgaY/t8dJ4":{"registrationId":1479200023,"currentRatchet":{"ephemeralKeyPair":{"pubKey":"BY7NxOSBmcbKXUDb3nTLESbaCGBGk4bivtyffi/AWxAf","privKey":"WKDnHUdwQYHS24qll5fq3W4FBhiyQ3ZPcjivGHalZFw="},"lastRemoteEphemeralKey":"BVSW0eV4UPkoGUEC65rmCl7dIOe7czmGyR0+pvIKuzsv","previousCounter":0,"rootKey":"TbCH0vvurlWPWClN7+W7c/nCwfYAaMTSJV5o9Ntuky8="},"indexInfo":{"baseKey":"Be5r/41JJJ8Wl8+oo6yf3GR3REKNLxUeEXUgaY/t8dJ4","baseKeyType":2,"closed":-1,"used":1751186933905,"created":1751186933905,"remoteIdentityKey":"BfYSO4t7FgF3F7tTnxPjXNc6RkN4WmnLVUaWGfIPTCYj"},"_chains":{"BVSW0eV4UPkoGUEC65rmCl7dIOe7czmGyR0+pvIKuzsv":{"chainKey":{"counter":4,"key":"ppSzQg0+6V1Q66VP8J0VA2AVbNowBaBkPH9TL1CIF84="},"chainType":2,"messageKeys":{"0":"/c2/VcXQ2v113Iq0FoC0aaUfpv5/48MWn9vUmi+pXTQ=","1":"1wSS6/njBdaay88W0GDg7YJu4uuhps14LEbNSjcdHwA=","2":"bsWkGhoBhynZj/5JklaQF2k1y0tM3LVTVQV62l1+sHE=","3":"o2MaMAeJDcXuGqhV4HQazkL87ytxWL94S5nmtLxPNUI="}},"BY7NxOSBmcbKXUDb3nTLESbaCGBGk4bivtyffi/AWxAf":{"chainKey":{"counter":-1,"key":"3Rk5vIQjPa8NvWFhzUB6Fgt3boTwCXYXUDXPXitrUjA="},"chainType":1,"messageKeys":{}}}}},"version":"v1"}