{"_sessions":{"BW84mswRuunEptRoF8mP/mAKyVE3HGg8PqaHJPDEiJwS":{"registrationId":2007236691,"currentRatchet":{"ephemeralKeyPair":{"pubKey":"BQfJ4mKcBymmaguxarF0fdQ0PxUA5pLYiQyvBlTM5JpI","privKey":"YAnkJe4FvRe9GMUTnhmN1wqh1BPTwfLEEtgidZLG+W8="},"lastRemoteEphemeralKey":"BdTR+Rsyr2WGTxZLiqCyEvJ5TVZ5BT2iQBWRfChbUeAd","previousCounter":0,"rootKey":"/iZrRPqMCzUK7ymZlXGHlcwPCS6wRXaco+vB+Krmi/s="},"indexInfo":{"baseKey":"BW84mswRuunEptRoF8mP/mAKyVE3HGg8PqaHJPDEiJwS","baseKeyType":2,"closed":-1,"used":1751297208861,"created":1751297208861,"remoteIdentityKey":"Be/qpkXqbzOGQ/Hmn6ibo53sMZq2YAIyy2jPiYGkn8YA"},"_chains":{"BdTR+Rsyr2WGTxZLiqCyEvJ5TVZ5BT2iQBWRfChbUeAd":{"chainKey":{"counter":0,"key":"pD6Mqc+zaodV5oAkuvx0CvaXtpaCP0NW0c7BGdVpToA="},"chainType":2,"messageKeys":{}},"BQfJ4mKcBymmaguxarF0fdQ0PxUA5pLYiQyvBlTM5JpI":{"chainKey":{"counter":-1,"key":"SEQAw7rvI/YpvvyIeA6VGNJ61A8qjsk6k/D1wsZkGc8="},"chainType":1,"messageKeys":{}}}}},"version":"v1"}