{"_sessions":{"BTmcVqhqaS6H01ma/0ctIHmnearNhABFTMRNEUJsg9AU":{"registrationId":2117493555,"currentRatchet":{"ephemeralKeyPair":{"pubKey":"BWQRecWhPwahhza3WKLrZ/uOVM2t9/pm92kikch10ARQ","privKey":"yI8mWPNrv8KaUMBCe+yzn4skOheVJf1LfVGucw6PZmc="},"lastRemoteEphemeralKey":"BYx91DMqSwdG6OZVzsYJjQAlDaZ6LYjbDi/V/0MGV64k","previousCounter":0,"rootKey":"wvQuelSlCDo8Qs3gbEmZ0tD5qXL1Zl/JMvJfKP1wP98="},"indexInfo":{"baseKey":"BTmcVqhqaS6H01ma/0ctIHmnearNhABFTMRNEUJsg9AU","baseKeyType":2,"closed":-1,"used":1751179768001,"created":1751179768001,"remoteIdentityKey":"Bepf4GL8+3FPgRbH9pUzHGgfJv/jGoALZhgo9TCdYWVR"},"_chains":{"BYx91DMqSwdG6OZVzsYJjQAlDaZ6LYjbDi/V/0MGV64k":{"chainKey":{"counter":0,"key":"lRGOc6NeI6elQWnDVclTwFxVsJGa8/XuzHdPneX5VpM="},"chainType":2,"messageKeys":{}},"BWQRecWhPwahhza3WKLrZ/uOVM2t9/pm92kikch10ARQ":{"chainKey":{"counter":-1,"key":"VFqQxGNibv/U/mx8K8nUUjrnYylG9LjpzCrHLlkZF/c="},"chainType":1,"messageKeys":{}}}}},"version":"v1"}