{"_sessions":{"BZ/sFSh3O/c2Fnl2uj/AaA8R4HeP9zFh/JIXTfDgt7pj":{"registrationId":1881287389,"currentRatchet":{"ephemeralKeyPair":{"pubKey":"BSLtcCsJnWXN2C5PTCYnHdyqGmJ+jm3mW7es7RcwjMYO","privKey":"CHgkxnexk97WL/a4Zb+tmOeX+FfSDWnNcy4r1Mbrq30="},"lastRemoteEphemeralKey":"BQ80f8HyvRwRPiSCBOQ0TQYYUQeq04O5Sn8wMgvoIChO","previousCounter":0,"rootKey":"/vbUQeGR8Dqg9RlRb4CCY1xPdD1X+NNdmirA/fTvRbg="},"indexInfo":{"baseKey":"BZ/sFSh3O/c2Fnl2uj/AaA8R4HeP9zFh/JIXTfDgt7pj","baseKeyType":2,"closed":-1,"used":1751196597396,"created":1751196597396,"remoteIdentityKey":"BW7llX/cDiT4eZY10Lp63dMN8T8LxrYRFbKQfNw5Iw0/"},"_chains":{"BQ80f8HyvRwRPiSCBOQ0TQYYUQeq04O5Sn8wMgvoIChO":{"chainKey":{"counter":0,"key":"yYC4wNUUWMQExMK0E6xaW3s2rUg5HC59U3T1xULvIVM="},"chainType":2,"messageKeys":{}},"BSLtcCsJnWXN2C5PTCYnHdyqGmJ+jm3mW7es7RcwjMYO":{"chainKey":{"counter":-1,"key":"8C57DvNk2LdpWDTI/ykJQK8t7NTocufZLPWZ0MCyMA4="},"chainType":1,"messageKeys":{}}}}},"version":"v1"}