{"_sessions":{"BULC1RmQK/beG8Oh1kZGEsiCF9Ut2GgxkpCkOgCQ6GF2":{"registrationId":806541883,"currentRatchet":{"ephemeralKeyPair":{"pubKey":"BT82DhmvyzstRRtrMm8tCtA5Sj8SXsM9EXp4hSI82Ati","privKey":"8Jac+k8Hvxa0PkvHBMkZuHlKBfFUfHtOaExq6HQjxVE="},"lastRemoteEphemeralKey":"BfD8ho6nIINFSk1e3veUrHzMvjuLn4xsmXFPn2H/D1o3","previousCounter":0,"rootKey":"OcmOVHM3QLSgl/xMWgZ+6A5AfkLDLNBc9VpLg5vTV5g="},"indexInfo":{"baseKey":"BULC1RmQK/beG8Oh1kZGEsiCF9Ut2GgxkpCkOgCQ6GF2","baseKeyType":2,"closed":-1,"used":1751107163632,"created":1751107163632,"remoteIdentityKey":"BamAripxW1fxFy3dfXHCUyVHq2Jv/eoxTfjbYdKKeCVe"},"_chains":{"BfD8ho6nIINFSk1e3veUrHzMvjuLn4xsmXFPn2H/D1o3":{"chainKey":{"counter":2,"key":"vFeSXME/M6AFkNRf/e5Y5d3vV4WkJ1npbU3+WfGqyOg="},"chainType":2,"messageKeys":{}},"BT82DhmvyzstRRtrMm8tCtA5Sj8SXsM9EXp4hSI82Ati":{"chainKey":{"counter":-1,"key":"865LkQbufNMNgVaNR4jvJtrAZtluAGu0y+s89SSSLgY="},"chainType":1,"messageKeys":{}}}}},"version":"v1"}