{"_sessions":{"BWxcN93X7a31bDStY/JyoCupYOgaOmViV2Br2q8SbUpK":{"registrationId":620786454,"currentRatchet":{"ephemeralKeyPair":{"pubKey":"Bb/FWPKCds0AXZpWPygbdd1jM1P6w8WwY5L7at+p9jtA","privKey":"GA8uQ64rj1txrospLf7omH0yrCM71INOu+zRQuAoEVY="},"lastRemoteEphemeralKey":"BTDAGtbze26+8VxqVmIZpIm9j1B/7lPiO57DlGaQh6dj","previousCounter":0,"rootKey":"IZcnqLlZ/4u6QN1V/mVFiw6eoOrv59FNlYW2cGALWeI="},"indexInfo":{"baseKey":"BWxcN93X7a31bDStY/JyoCupYOgaOmViV2Br2q8SbUpK","baseKeyType":2,"closed":-1,"used":1751291155938,"created":1751291155938,"remoteIdentityKey":"BR/LLaTiaIxZjUjYxd5hw/eOdA6n31+wmXw252P2OAEg"},"_chains":{"BTDAGtbze26+8VxqVmIZpIm9j1B/7lPiO57DlGaQh6dj":{"chainKey":{"counter":0,"key":"elz2JpSEqBt+/g0s+jyMC8m9BsDLf7mCi+0ZQ6A0hsU="},"chainType":2,"messageKeys":{}},"Bb/FWPKCds0AXZpWPygbdd1jM1P6w8WwY5L7at+p9jtA":{"chainKey":{"counter":-1,"key":"6So4xfD6rX4yS3ICci8VrcIg11L2jxC1ADuERcxYwCU="},"chainType":1,"messageKeys":{}}}}},"version":"v1"}