{"_sessions":{"BVexxHJKOctOGNKBESmXkPrh1szazdm/ER5vuItRdXsi":{"registrationId":1645588463,"currentRatchet":{"ephemeralKeyPair":{"pubKey":"BQzCkf9S2wDjnTGvwxROFA9L1QSsmqX37IZWGuM1ztAp","privKey":"eG675qNp657hi5E2hh5EnapcePwtKG2yJ/xQROzEGWA="},"lastRemoteEphemeralKey":"BXzbTbEUL9qPvqU07t1KZm+xYrOe9lHuwdL6NKvbWVgZ","previousCounter":0,"rootKey":"DLZ9fzOXqz8OeEEpZGDSYc4w7cj4ja9CikjsBxMQx6I="},"indexInfo":{"baseKey":"BVexxHJKOctOGNKBESmXkPrh1szazdm/ER5vuItRdXsi","baseKeyType":2,"closed":-1,"used":1751291732849,"created":1751291732849,"remoteIdentityKey":"BaAqdj9NkB3yjGnvLLAOPhaOLGMQuyuyfV76bPcF5J1i"},"_chains":{"BXzbTbEUL9qPvqU07t1KZm+xYrOe9lHuwdL6NKvbWVgZ":{"chainKey":{"counter":2,"key":"Odp4Q+cLXxhO2/W354pQAN9c1PSzYaKT1cFJ3NcjKDI="},"chainType":2,"messageKeys":{}},"BQzCkf9S2wDjnTGvwxROFA9L1QSsmqX37IZWGuM1ztAp":{"chainKey":{"counter":-1,"key":"tNe2dXm085SErhrsdBu2mOcIrYYLkD53V6yckfCJlyE="},"chainType":1,"messageKeys":{}}}}},"version":"v1"}