{"_sessions":{"Bc6RCt2mh+CfffzTHVRGGYVDqcRdY8MBZA+wdDL0v31W":{"registrationId":2048755615,"currentRatchet":{"ephemeralKeyPair":{"pubKey":"BXsrlK2X+Z+LcC8PrQxkntW3hkhxkZnLL44EPWEn8z17","privKey":"WMu8Dt5UnfWHa9rFNJJ2Y2oKnAELBCtaTibDFD5EIHw="},"lastRemoteEphemeralKey":"Bei/mNHfvyeHjbmN2oYL5ge4ABZtcfe2cX+rMco331k5","previousCounter":0,"rootKey":"Z5QTY43EVzW2SCRGOPm09IP9q4+n6MWSePxUAVg1ibU="},"indexInfo":{"baseKey":"Bc6RCt2mh+CfffzTHVRGGYVDqcRdY8MBZA+wdDL0v31W","baseKeyType":2,"closed":-1,"used":1751197510160,"created":1751197510160,"remoteIdentityKey":"BXy/XUc7Xn6jiojK4iSlugIuoLsglcmwpF8/cRhCzi9+"},"_chains":{"Bei/mNHfvyeHjbmN2oYL5ge4ABZtcfe2cX+rMco331k5":{"chainKey":{"counter":0,"key":"wrhtXhpcpBjVr/gp1n0oNMWfbFTYkagJVs4guMxnhCQ="},"chainType":2,"messageKeys":{}},"BXsrlK2X+Z+LcC8PrQxkntW3hkhxkZnLL44EPWEn8z17":{"chainKey":{"counter":-1,"key":"xNFBCNofzUSkVpQa7jBfpqxQH71R1S+9vw1BzD5jzzY="},"chainType":1,"messageKeys":{}}}}},"version":"v1"}