{"_sessions":{"Bdg/zfi/jgzTw+8/+n5XFBUTD6HlG66VL/GBkZi/R6Mk":{"registrationId":1624329987,"currentRatchet":{"ephemeralKeyPair":{"pubKey":"BbwMeRKtbjvIGI5KOUpvog3OqXv2f9wR7x86YQs47xYd","privKey":"QCcPLEY3pL5AKJvEETuFAt29dJ/LIGJds9WxzbZqCEs="},"lastRemoteEphemeralKey":"BcRcwxo3lzF4H+a8UEviOqN5SwGa0CWFxIH7XZllAbBC","previousCounter":0,"rootKey":"n63xsxg1QFcUyVo1MWhqu5nhCIcM+78F3JOFV4sVuQk="},"indexInfo":{"baseKey":"Bdg/zfi/jgzTw+8/+n5XFBUTD6HlG66VL/GBkZi/R6Mk","baseKeyType":2,"closed":-1,"used":1751179761483,"created":1751179761483,"remoteIdentityKey":"BSrolMJkmfGLduxrbYg3tuxcMFNVYFGcYikFPNLxCsgA"},"_chains":{"BcRcwxo3lzF4H+a8UEviOqN5SwGa0CWFxIH7XZllAbBC":{"chainKey":{"counter":3,"key":"nZ6TlyVjDy04yTD9CduEkMCj0Rsl7XF7XeST47/88PE="},"chainType":2,"messageKeys":{}},"BbwMeRKtbjvIGI5KOUpvog3OqXv2f9wR7x86YQs47xYd":{"chainKey":{"counter":-1,"key":"q/o8Gq/kVjAurYtQrwKdxxFzZeZt4DBQBVLCYXlyYMs="},"chainType":1,"messageKeys":{}}}}},"version":"v1"}