{"_sessions":{"BfbHs72iiEHmJUvDT+9RWcd49zXccWoG+vx5HlBAxJ8U":{"registrationId":15600,"currentRatchet":{"ephemeralKeyPair":{"pubKey":"BehdOoKo0aUM7rOqHKzEKAW/xgeVz74zgxFmQQPTz1Yq","privKey":"WAaTN8LM9bsOHyIiXkgszHYUKqjuNlKZlvmqQ/5jz2U="},"lastRemoteEphemeralKey":"BWmPQMwrgkk38THJlshncGGIUwEXOR0P0EuCYpOOPvdv","previousCounter":0,"rootKey":"VBmULR/apGd1UdbInd5dctyoDods7kj/TQFrpPmBbKg="},"indexInfo":{"baseKey":"BfbHs72iiEHmJUvDT+9RWcd49zXccWoG+vx5HlBAxJ8U","baseKeyType":2,"closed":-1,"used":1751344902375,"created":1751344902375,"remoteIdentityKey":"BUKoRkOtvFa9/f2isKZEFLQm87pihXWmOIvzUeBdJ3Ui"},"_chains":{"BWmPQMwrgkk38THJlshncGGIUwEXOR0P0EuCYpOOPvdv":{"chainKey":{"counter":0,"key":"Fw8PEZXi7omaLdqZTg+rbpcwWAs8AZVhFFQjn5yVUTM="},"chainType":2,"messageKeys":{}},"BehdOoKo0aUM7rOqHKzEKAW/xgeVz74zgxFmQQPTz1Yq":{"chainKey":{"counter":-1,"key":"KzPmK3ovvL9le1nPYYPq08pkFGEdaHoYXBM9adR8YDw="},"chainType":1,"messageKeys":{}}}}},"version":"v1"}