{"_sessions":{"BWrQJh2NPtgg8yJCN+EI9Gr7mWMMYLkG81ramD6pD0xJ":{"registrationId":954096344,"currentRatchet":{"ephemeralKeyPair":{"pubKey":"BS2Neylfg5CQSVqwPCcjpQf06YIB7//dE3CCoq4KQ4hy","privKey":"YEwtmQObm5f7WR4Vbp07GAeQ0ORqKl/FTAXJKenDf2A="},"lastRemoteEphemeralKey":"BURw8llBtbERcVfEoT5XQj3u60QjpasZXLv7Wn0NhAYc","previousCounter":0,"rootKey":"bt9fICwB4oL1CawSxPiaQdEpYc5wG6W/bOh7d0C5bcs="},"indexInfo":{"baseKey":"BWrQJh2NPtgg8yJCN+EI9Gr7mWMMYLkG81ramD6pD0xJ","baseKeyType":2,"closed":-1,"used":1751286321533,"created":1751286321533,"remoteIdentityKey":"BYCt1zM5TRVtsE0DMEV/Aj3DK66SCXY+5chfhuaAfq4e"},"_chains":{"BURw8llBtbERcVfEoT5XQj3u60QjpasZXLv7Wn0NhAYc":{"chainKey":{"counter":0,"key":"GbKs1/vLRYbjugsxRG+gOmcqJP6nH3fLJdXVKcf6ZKk="},"chainType":2,"messageKeys":{}},"BS2Neylfg5CQSVqwPCcjpQf06YIB7//dE3CCoq4KQ4hy":{"chainKey":{"counter":-1,"key":"KN6jLdclReie0jsD9K6k8a5L/t/eXn3PKYdqeNhSEhY="},"chainType":1,"messageKeys":{}}}}},"version":"v1"}