{"_sessions":{"BXMrt2BwD7yhUjC7sod+B/ByZNy8+SkdJCYuZNNbZrML":{"registrationId":1977647058,"currentRatchet":{"ephemeralKeyPair":{"pubKey":"BQuuc3uzI79YRJUnDKhz3QzvPMPplTBeCp7hwxq4vG0X","privKey":"0AdKIOIiYGHF4f1UGX0GEvOpMB9cP3iJ+io93LhKyHs="},"lastRemoteEphemeralKey":"BcqFQVws2ZKjwYXzc5eMenoNQEtW8/KfDZ1OREy2HgU6","previousCounter":0,"rootKey":"4UAtfzSc7WhNQWIl4gShDnQG4orm4IHniR9J6LDmGiw="},"indexInfo":{"baseKey":"BXMrt2BwD7yhUjC7sod+B/ByZNy8+SkdJCYuZNNbZrML","baseKeyType":2,"closed":-1,"used":1751248280906,"created":1751248280906,"remoteIdentityKey":"BdA4HMeFC3/f1UIluqGKl50FDZN195oyzeAT3sYxaxUW"},"_chains":{"BcqFQVws2ZKjwYXzc5eMenoNQEtW8/KfDZ1OREy2HgU6":{"chainKey":{"counter":0,"key":"D8Qp0ULZtdqoXIv/fcE/yEq5u9NkiDI2qPYyD69uu5Q="},"chainType":2,"messageKeys":{}},"BQuuc3uzI79YRJUnDKhz3QzvPMPplTBeCp7hwxq4vG0X":{"chainKey":{"counter":-1,"key":"HQgSWvVqMYpkWVfg9A/F1QrRODl6Ylk/4tVGB5lNpsE="},"chainType":1,"messageKeys":{}}}}},"version":"v1"}