{"_sessions":{"BedCNaCuAV2X27bkhdfQPdrExEGGbXlKyTTK+ykm4blB":{"registrationId":1779044880,"currentRatchet":{"ephemeralKeyPair":{"pubKey":"BUmZ0GZ0zjxWZdy8EyaWTlh6pKL376qetYnhkujpApI6","privKey":"mNOn5qSgAKzdzrDnAlFL3D9aeBG/7rOAKi+n8zwZym0="},"lastRemoteEphemeralKey":"BReYGKVJRyZC/eDMnCGeAUki+iBqUdRe9FZt797pCA4v","previousCounter":0,"rootKey":"y97V01SihxpYnXSACMQ1iFegst5nQlzUN5n8KwItalE="},"indexInfo":{"baseKey":"BedCNaCuAV2X27bkhdfQPdrExEGGbXlKyTTK+ykm4blB","baseKeyType":2,"closed":-1,"used":1751179762894,"created":1751179762894,"remoteIdentityKey":"BYNEtPsJK4hjpCPqiUXIkg4gMxfD51wwKDatcf4GpKAi"},"_chains":{"BReYGKVJRyZC/eDMnCGeAUki+iBqUdRe9FZt797pCA4v":{"chainKey":{"counter":0,"key":"82CqNzu0IHHbANU81BC/tF4G1NiVTaxApVti9zXf3Z8="},"chainType":2,"messageKeys":{}},"BUmZ0GZ0zjxWZdy8EyaWTlh6pKL376qetYnhkujpApI6":{"chainKey":{"counter":-1,"key":"uUELgQr7o8JiYM4SYe3AxNOi8h/yiOOUMBJbbBtXhpE="},"chainType":1,"messageKeys":{}}}}},"version":"v1"}