{"_sessions":{"Bai3FwsTAvJ9LiYGgWD3ILnMmrBBtj/YQuoyFxku3zZd":{"registrationId":981493070,"currentRatchet":{"ephemeralKeyPair":{"pubKey":"BQQ75hDhY8PE/M8BVQCS0+Og1Bpy4bisesk/cTGt+VFk","privKey":"EEBVRWScr5FbsTDW1VdxBXAR2E1mRaWfkKCeyzIgrn0="},"lastRemoteEphemeralKey":"Beg6ZwhxrVeAzLRnL97/MstwIHMK2zYwNKc2Rr8A2adY","previousCounter":0,"rootKey":"5gJguRejmNq2hZesOwCnfhJrsHvoWOEsfvagMueIqqc="},"indexInfo":{"baseKey":"Bai3FwsTAvJ9LiYGgWD3ILnMmrBBtj/YQuoyFxku3zZd","baseKeyType":2,"closed":-1,"used":1751179761564,"created":1751179761564,"remoteIdentityKey":"BdWuDTKJo+4F+xfHVpctz5uaRRISELGCo5UmMY6/9Koi"},"_chains":{"Beg6ZwhxrVeAzLRnL97/MstwIHMK2zYwNKc2Rr8A2adY":{"chainKey":{"counter":14,"key":"Xu63uVTbjaCLUx2XR5L61jB8NFW1OjrmWyjC6p92Tlg="},"chainType":2,"messageKeys":{"2":"CHe5ZTEu/OJYbw3fLE6EoQ3+SAByfjDf2abel6I4Cn4=","5":"bbs0GzPJn7102pjAOFfoZySRwd/RPIeiir+Ww+pn3z4=","6":"KetYg82Om36ylN1QtkYWsRUzLVw8zPyPlZpvJUe2I04="}},"BQQ75hDhY8PE/M8BVQCS0+Og1Bpy4bisesk/cTGt+VFk":{"chainKey":{"counter":-1,"key":"4Xvz/kCX6eNIzb2Lg4ohqyNmdhZ5Dp1asJPN1OI6HZk="},"chainType":1,"messageKeys":{}}}}},"version":"v1"}