{"_sessions":{"BcXWBLisRahArjR0JQ4bBRTdLz4hqr1kG6psznQZfHoQ":{"registrationId":977381584,"currentRatchet":{"ephemeralKeyPair":{"pubKey":"BfPiovTIsNhdT4dutypVS2ryyEbtcFYDDuxYANRuJw5c","privKey":"KJMEBSLUvBED72TMMyOj/HHtOy7gnQF3kDA5fMVmnls="},"lastRemoteEphemeralKey":"BfSaF9q3fRETk83UH16awK5T2LuvE6zICeqyFcOdE4dE","previousCounter":38,"rootKey":"q/yXnS27yWFgOIm2M0JfWDPM7/V9Wygx8Zh0myT1WGo="},"indexInfo":{"baseKey":"BcXWBLisRahArjR0JQ4bBRTdLz4hqr1kG6psznQZfHoQ","baseKeyType":2,"closed":1751200915558,"used":1751197220223,"created":1751104702006,"remoteIdentityKey":"BQJvVgDBIpek+I5pfvS7qnkZVDupRdDPq2fBSJQMcCNs"},"_chains":{"BSMExTD/PKYwxNTBqrS4bPxOxqYWIFZlnI6W/0FCoQB+":{"chainKey":{"counter":0},"chainType":2,"messageKeys":{}},"BfSaF9q3fRETk83UH16awK5T2LuvE6zICeqyFcOdE4dE":{"chainKey":{"counter":151,"key":"8imiG2pRJnnmAcZdW2fQJj5szaXq2yP3DEUAaiTp04E="},"chainType":2,"messageKeys":{}},"BfPiovTIsNhdT4dutypVS2ryyEbtcFYDDuxYANRuJw5c":{"chainKey":{"counter":-1,"key":"ZAofF6ISwuWbhh9bDA899RMovKkACb/mM41v8r6deMw="},"chainType":1,"messageKeys":{}}}},"BSynA6jZ/TPjxF3OI4bKmoROvdasl3iU9B2cj+USmHw+":{"registrationId":977381584,"currentRatchet":{"ephemeralKeyPair":{"pubKey":"BThtNzTCsBmL+KzLamDW7uqvlDV+MQ2lwGt/rKlGsLVB","privKey":"2A1SfxMtlOaqJj8XJEMIylWN9pSH/UacFvYgOL5zJGo="},"lastRemoteEphemeralKey":"BUkJN4q+3x+SkdnZbhuAJ9O+L3fPz+ymn1ptGD+Hq/k7","previousCounter":0,"rootKey":"GuLd060TrCFh3DVYR1X7rSi59tgzJnFpnIAdJGLlqWQ="},"indexInfo":{"baseKey":"BSynA6jZ/TPjxF3OI4bKmoROvdasl3iU9B2cj+USmHw+","baseKeyType":2,"closed":1751287136534,"used":1751200915564,"created":1751200915564,"remoteIdentityKey":"BQJvVgDBIpek+I5pfvS7qnkZVDupRdDPq2fBSJQMcCNs"},"_chains":{"BUkJN4q+3x+SkdnZbhuAJ9O+L3fPz+ymn1ptGD+Hq/k7":{"chainKey":{"counter":102,"key":"LwdyTiAqTygFbT96UI7X8Ejrhwyl1oyR1jzqDf/Hegw="},"chainType":2,"messageKeys":{"0":"E77C5mN7SOuBM4+3rVoTYCVTbQqpOLZoA98L1yVN9JQ=","7":"frByv3toNTqgr+KpUha8U2gQ6H8hCR5fst8G8jFfHk8=","13":"LUjV57q0Pu+3J6tZxmyzqsEv+TidCBYqTLTx3WdPoQk="}},"BThtNzTCsBmL+KzLamDW7uqvlDV+MQ2lwGt/rKlGsLVB":{"chainKey":{"counter":-1,"key":"M4u4xARXIcSe+IFsvRQM98C/IhwE+KyrUhPcPMYqL+k="},"chainType":1,"messageKeys":{}}}},"BQuhQf9SWQIUZim/96GGrLWjWydKGDz8IIOJTQYj9nEp":{"registrationId":977381584,"currentRatchet":{"ephemeralKeyPair":{"pubKey":"BWplcWJhFWiyyFwuzxoBZwOVJRbBiUALa4gD35cWriF3","privKey":"6BT0En/rWZx5NC7gg4KKQKtryUu2fJLdsfnt9X+wHnE="},"lastRemoteEphemeralKey":"BYr0ferjYywipWRee18fklP2UaacGU3GxlPYRkPwBDVO","previousCounter":0,"rootKey":"gSe44XPVbyJdWZYVWTtqRdfK25zhcslk0TjuE1Ql9yg="},"indexInfo":{"baseKey":"BQuhQf9SWQIUZim/96GGrLWjWydKGDz8IIOJTQYj9nEp","baseKeyType":2,"closed":1751338472199,"used":1751287136552,"created":1751287136552,"remoteIdentityKey":"BQJvVgDBIpek+I5pfvS7qnkZVDupRdDPq2fBSJQMcCNs"},"_chains":{"BYr0ferjYywipWRee18fklP2UaacGU3GxlPYRkPwBDVO":{"chainKey":{"counter":50,"key":"FcAZWPfa0u6p/sI0vcH1bRdHA5RRBJMaDodiFdcdKhc="},"chainType":2,"messageKeys":{"0":"adwWCKOjp+NaJ2Q9mJbEbedlyD313b9fbXrNIZ36bMA=","46":"39FZJfp1scYIZUt9EnldX7QEsReXb5EbTcWh9YdwMwo="}},"BWplcWJhFWiyyFwuzxoBZwOVJRbBiUALa4gD35cWriF3":{"chainKey":{"counter":-1,"key":"+YXDxhoZEpyhLQkrt60Sa2YAH6oE87IUDAytsvs63FE="},"chainType":1,"messageKeys":{}}}},"BXzDQ3sU0K+6mpNLajEPvaDEPR+n7QffNYkYOyBwkXlN":{"registrationId":977381584,"currentRatchet":{"ephemeralKeyPair":{"pubKey":"BQ+psB8Cpw7+DWoFY8XemYn6OjUDFHDKYW3ZmvRChzQd","privKey":"+Ky2Jw+biXWsDntGxsE0jc9uGnSBekChYI1/Ahr/fWc="},"lastRemoteEphemeralKey":"BYcdtgKZePK8GEnNyjJntgx1T3jFo+iB7KcvJo3i2hp6","previousCounter":0,"rootKey":"V/zgnEh/b1ntk4LS6E8rv5lC1QnTzt87+ACSeWuv2Nc="},"indexInfo":{"baseKey":"BXzDQ3sU0K+6mpNLajEPvaDEPR+n7QffNYkYOyBwkXlN","baseKeyType":2,"closed":-1,"used":1751338472204,"created":1751338472204,"remoteIdentityKey":"BQJvVgDBIpek+I5pfvS7qnkZVDupRdDPq2fBSJQMcCNs"},"_chains":{"BYcdtgKZePK8GEnNyjJntgx1T3jFo+iB7KcvJo3i2hp6":{"chainKey":{"counter":71,"key":"bQuKCKxUy0V0XLcM3AU5PH3q6loGZhHU8N/E1BrWx2s="},"chainType":2,"messageKeys":{"0":"pSnIyX7+5Bp+6uHRRZf312Yzk0RRANz83bgeU/QBI7E=","19":"NYRu41uopzK73HWBoQKYyrnBE+viBa3snC+P4hkCql8=","20":"mx7NZoeti3FXW/GV5nsCEwNVJkIQbyDoIj5PQ70mLR4=","35":"G43jufIMlfjlpztCTLWukhuLGxWc8i+KNCGdVTCJkyw=","55":"yrkBfCOaSyL6rTdNX8jJzp66YSeQl38pMl9Qk2r4e/k=","61":"TOqF3WZAVdunzcOFBfwFcDMKX4TLGGnSDcS3TELnbpY="}},"BQ+psB8Cpw7+DWoFY8XemYn6OjUDFHDKYW3ZmvRChzQd":{"chainKey":{"counter":-1,"key":"eOGcqBpjWIACuywhxPlLFkuclR0tEdI0E2/I8rRlK/I="},"chainType":1,"messageKeys":{}}}}},"version":"v1"}