{"_sessions":{"Ba5ydc+otX62P0S8TUUJ0yVazEBQui11lMyz+QHI8GJd":{"registrationId":1729432932,"currentRatchet":{"ephemeralKeyPair":{"pubKey":"BciBVwbEAqRvvJe+8MyXK8udb8Saq5Va5cwz2b1V0NYf","privKey":"iDUPVY0LxT6+7hE2O4pLszPHSeC5v6JgnR45mTOtvHQ="},"lastRemoteEphemeralKey":"BRw1TCbgwoA8axjO3PSt40vD4aXnpY1ahrDna2qtE4ll","previousCounter":0,"rootKey":"zKscnXHiMZ1Koz4AZi5/3izeNjgTn2F/ZZVXBjW7KmU="},"indexInfo":{"baseKey":"Ba5ydc+otX62P0S8TUUJ0yVazEBQui11lMyz+QHI8GJd","baseKeyType":2,"closed":-1,"used":1751104994318,"created":1751104994318,"remoteIdentityKey":"BRPhRDz/kKyHouaf7Z9HvKuD/bMJ/6sqKlM3gAO839Aw"},"_chains":{"BRw1TCbgwoA8axjO3PSt40vD4aXnpY1ahrDna2qtE4ll":{"chainKey":{"counter":25,"key":"KpqKrVWcVYquUj1h9UQ/8qTNXh9fVuR/pfiaovuCFqM="},"chainType":2,"messageKeys":{"8":"I5vdtChl3zfOV3ruE3TOhmYkR2N2Zhxjt7tPl/UBM04=","9":"FaW9xlFCEXdw5gjFxJxnzO1Ffab0Tre0eMoDDBzIsno=","10":"30pZXzjj2jVlQIo31CRaPzNPliO/grMyyIKPaY5A5Fc=","11":"UqUMkzG/C5fqhSNc7g32QqVzXwbQUkKMK7I+0d6cZ1I=","12":"T4791ze5rWbWMfB4IS24kMmqdvYFUgHihohwAyw1VV0=","13":"mjbBw86CpqGqMG2wNwC4GXezn+e5QnMXkPvcaFbQLPg=","14":"iT2PKklkX5+Yu4CPFdscDEBocY3+I9CDrI6BTjDTNO0=","15":"54UM48QDSOxFNOP7CkGBxz/CB9plS3vF72OQy+q4vRo=","16":"jzSjaYKoSMplV66oBipqQ66oFTlGdxh5T6WppMZQcwE=","17":"K8zBa5gAM3XU2foTljG+jzWPLOoQ2i++P7MVRlRtWZ0=","18":"Bd+d9UnNEDwOX21WlNXDKlJgTSULj+4hIwZ7PA/TBAQ="}},"BciBVwbEAqRvvJe+8MyXK8udb8Saq5Va5cwz2b1V0NYf":{"chainKey":{"counter":-1,"key":"mMRv69KoTbyitAKhCF+UreyBgoRRlLfUrY9Ynnt2up4="},"chainType":1,"messageKeys":{}}}}},"version":"v1"}