{"_sessions":{"BQhAvm7KTPqbRqIhRaKRZ8ALKN0cF1BqLOq48sm+YMNd":{"registrationId":468270291,"currentRatchet":{"ephemeralKeyPair":{"pubKey":"BYAXwZgD6h4B7kDFz8IYU9HMBz4tx5yFE2jGcm2BvYpR","privKey":"mGGRbRpXF1FnobIDj57MZmGP2rJFH4GNJMkNIE2h92A="},"lastRemoteEphemeralKey":"BbabHpR+/4Kg2OA1Nh1jElLApZRoQoOjrLTj1adr5FJ7","previousCounter":0,"rootKey":"1g4sxWR7RQGNQVH8mewj4wS07ZIFnXrJOS+QzZlaF8Q="},"indexInfo":{"baseKey":"BQhAvm7KTPqbRqIhRaKRZ8ALKN0cF1BqLOq48sm+YMNd","baseKeyType":2,"closed":-1,"used":1751179761578,"created":1751179761578,"remoteIdentityKey":"BbdBrDJYFFmWulihP5Ak0BlN2oetH/mh/9mqyTSpXZVT"},"_chains":{"BbabHpR+/4Kg2OA1Nh1jElLApZRoQoOjrLTj1adr5FJ7":{"chainKey":{"counter":1,"key":"FVVUxDwd/osCBU5A3fa2ooajCncnWyZiHl99+BF1bMI="},"chainType":2,"messageKeys":{}},"BYAXwZgD6h4B7kDFz8IYU9HMBz4tx5yFE2jGcm2BvYpR":{"chainKey":{"counter":-1,"key":"sir0Wh4xQvCGphSmPaqjomQhrvPi3/I18zc/pZhQfb0="},"chainType":1,"messageKeys":{}}}}},"version":"v1"}