{"_sessions":{"BRSNKUBz/rRg/gLZ4LEBcUTDAxwgZlK+KOne1Nd1KRRR":{"registrationId":1382376267,"currentRatchet":{"ephemeralKeyPair":{"pubKey":"Ba9b+Up/U1+oyZc73feuF3nKX+ggYrMKTFrb6t6C7VQR","privKey":"UKwpmRg1RxodC/8GcGHnOBeS7m87RiqLeb7sHY2KQ0o="},"lastRemoteEphemeralKey":"BZ5IgJGdhQegZc4nhgkZGm2xkp9CGYw6xI9UJBQGPfES","previousCounter":0,"rootKey":"//C49ZUHC2rF5sSKO8DnmMIZw1ygfxWgYZQ/Ht5Bn1Y="},"indexInfo":{"baseKey":"BRSNKUBz/rRg/gLZ4LEBcUTDAxwgZlK+KOne1Nd1KRRR","baseKeyType":2,"closed":-1,"used":1751179766327,"created":1751179766327,"remoteIdentityKey":"BWl8opyPVeqqHEdewBa9EnlyIYfNa0UfSgahRbHNchAP"},"_chains":{"BZ5IgJGdhQegZc4nhgkZGm2xkp9CGYw6xI9UJBQGPfES":{"chainKey":{"counter":3,"key":"j6szUb38nEkB7uZxdf+EgqL2sdlFVSpxPEHNntIiW+M="},"chainType":2,"messageKeys":{}},"Ba9b+Up/U1+oyZc73feuF3nKX+ggYrMKTFrb6t6C7VQR":{"chainKey":{"counter":-1,"key":"qwmOUA/BTGGHtHddT3vPI38ppInq30+CASWkPkN9shc="},"chainType":1,"messageKeys":{}}}}},"version":"v1"}