{"_sessions":{"BSZDHjYGtQ2yrT1WwNsscivdPjVqw+jj/ZS8eGlRLihy":{"registrationId":1783135020,"currentRatchet":{"ephemeralKeyPair":{"pubKey":"BRyTKKnMWUIDNAFFHaMiDLro2LzCgBcLdfx6IzQtEYsh","privKey":"uBjKKaPt+xOJpw2Fvjiv/Av2rv4PuH7ZEupkwl3VXm4="},"lastRemoteEphemeralKey":"BSIgr5l0qDXICmeKGtjhp1mib2ccUc1B972cHVRKIpJ+","previousCounter":0,"rootKey":"saFMnTqXQvWVcSDOXwfrUZjH5IWWeJWliypUzFEPzoY="},"indexInfo":{"baseKey":"BSZDHjYGtQ2yrT1WwNsscivdPjVqw+jj/ZS8eGlRLihy","baseKeyType":2,"closed":-1,"used":1751337580312,"created":1751337580312,"remoteIdentityKey":"BSIqu3DvBhihJMdaSp3N9Zwzw/s1hk0tcWSsT3DDrcct"},"_chains":{"BSIgr5l0qDXICmeKGtjhp1mib2ccUc1B972cHVRKIpJ+":{"chainKey":{"counter":0,"key":"HoroBCQRLNKIZdd+2OUeLkn6pp2tJVyICpDnVXp9Pdc="},"chainType":2,"messageKeys":{}},"BRyTKKnMWUIDNAFFHaMiDLro2LzCgBcLdfx6IzQtEYsh":{"chainKey":{"counter":-1,"key":"Zng9NtCwsko3EXNXQo8XE/MZDNsbESrTXFWTyHk1Qno="},"chainType":1,"messageKeys":{}}}}},"version":"v1"}