{"_sessions":{"BfSq7t7VWUJsEUGEUEvey0WXE1prcpoownGBZ6nGz6he":{"registrationId":788710819,"currentRatchet":{"ephemeralKeyPair":{"pubKey":"BV2edeX5STj34k7b4ygZktlIbjm1461zKt2Xhp9v7s5A","privKey":"KFbI12rAQlSpVrfDWusfBuU34rByjmJPgNw1Fbb2uW8="},"lastRemoteEphemeralKey":"BRXzoPX9TPYheorG400PEq4ZfzdOT0kN/fnkjpFu4HoO","previousCounter":0,"rootKey":"UZI7qkadmUf5cbn075bO3UnycqHVDT3U0MYUjK/1Gnw="},"indexInfo":{"baseKey":"BfSq7t7VWUJsEUGEUEvey0WXE1prcpoownGBZ6nGz6he","baseKeyType":2,"closed":-1,"used":1751269617738,"created":1751269617738,"remoteIdentityKey":"BSuxyOQkM/ksa+lHQsVpE85+0rZYdqGiasJQs80lSaFL"},"_chains":{"BRXzoPX9TPYheorG400PEq4ZfzdOT0kN/fnkjpFu4HoO":{"chainKey":{"counter":1,"key":"ynls7gOMs+t8vMC2XcXZGsu6XlC05r7oSRVJEvX+ZEo="},"chainType":2,"messageKeys":{}},"BV2edeX5STj34k7b4ygZktlIbjm1461zKt2Xhp9v7s5A":{"chainKey":{"counter":-1,"key":"RjQmBfXluKNQgARgpcZIY6BDmpa/mWEirVae5Z4PN7w="},"chainType":1,"messageKeys":{}}}}},"version":"v1"}