{"_sessions":{"BdeRWF5u7uf/tfiCBJXE5vrvo5EQBzeu575Sv6jecF5d":{"registrationId":1528479414,"currentRatchet":{"ephemeralKeyPair":{"pubKey":"BYmiAqqPZR4Sd6liLs6tQSjWykL1S8Fx2MeyUo2yaU0m","privKey":"gNNIoUaKFCQrEkEZ4taRlxYNnJUmrxUGlu6V4sTjMEE="},"lastRemoteEphemeralKey":"BeSh6OvOSFtmrL/TZi/AnaK6zwDAAA0oK1JIo+Qh0EMM","previousCounter":0,"rootKey":"smS8PTOoGHASQmEVVO97XXOmn3wzZDj4Ns2tX5qdLcY="},"indexInfo":{"baseKey":"BdeRWF5u7uf/tfiCBJXE5vrvo5EQBzeu575Sv6jecF5d","baseKeyType":2,"closed":-1,"used":1751255471739,"created":1751255471739,"remoteIdentityKey":"Bclm9JOzqrpJMzUBZG9/3pg3NcqqOMVv/jI7twTkmi87"},"_chains":{"BeSh6OvOSFtmrL/TZi/AnaK6zwDAAA0oK1JIo+Qh0EMM":{"chainKey":{"counter":5,"key":"10o9fyrFKJOAAgnZAE5MGLp/2BUmlL6sHmsGgHOYjik="},"chainType":2,"messageKeys":{}},"BYmiAqqPZR4Sd6liLs6tQSjWykL1S8Fx2MeyUo2yaU0m":{"chainKey":{"counter":-1,"key":"VINN5RAL8u39JhkZDUD7kQb5rIdqxO9Mk7r0P8cuRa8="},"chainType":1,"messageKeys":{}}}}},"version":"v1"}