{"_sessions":{"BY4OazQgW4IvzH85ES3YT2//+uxuTiWhLW3lM++O07Bm":{"registrationId":1538631498,"currentRatchet":{"ephemeralKeyPair":{"pubKey":"BQ8chb86f3TGtsXpvA1jtEU8sDY3w7vAerV/LyY+fTFH","privKey":"UHLFu2iv07+jSMgzGiyI6+gMFMo+ssAjuKauNbfkTGc="},"lastRemoteEphemeralKey":"BfSi3oV8WBjFNVOwqmbOgwo6lsZm7+b6mBvQB9KtkP1t","previousCounter":0,"rootKey":"0eEYnLAEWR5s5EYbw81NJKgiWIxw6nlUvXB93QeetUQ="},"indexInfo":{"baseKey":"BY4OazQgW4IvzH85ES3YT2//+uxuTiWhLW3lM++O07Bm","baseKeyType":2,"closed":-1,"used":1751114351823,"created":1751114351823,"remoteIdentityKey":"Bc9s1ZRvZCRIDQikmhoWUuEt7anmS3JkbNJo/yXpmjcO"},"_chains":{"BfSi3oV8WBjFNVOwqmbOgwo6lsZm7+b6mBvQB9KtkP1t":{"chainKey":{"counter":5,"key":"HEUXTQ9b2wefYZD+984JNfu8V+ooBSVNAYcDq3kvvIA="},"chainType":2,"messageKeys":{"2":"f3Xy5bzPWkQ/EIzT9mz8+YzoPM5jiRw+2Fy7cuT4VyE="}},"BQ8chb86f3TGtsXpvA1jtEU8sDY3w7vAerV/LyY+fTFH":{"chainKey":{"counter":-1,"key":"ZXa9jHc71gjQeZLaxNnoX1O8Mf3XphXxYhENsO6ul+Y="},"chainType":1,"messageKeys":{}}}}},"version":"v1"}