{"_sessions":{"BSrj4sPaD8xs4eCo9J7ytrNWAG8sBy+aeutapkhiRyAq":{"registrationId":602823263,"currentRatchet":{"ephemeralKeyPair":{"pubKey":"BTD8XmtBKJLamMUlWzWqxZEqapALQy0wPwT1GIoyojFa","privKey":"4KJFeTyLzV0NySvoJ5XUR4ltgsVMbu/x/OMathCtwXg="},"lastRemoteEphemeralKey":"BQAI00hp9YQS2GdYQk3DMy09zHmLXlA4ELMYXKeKFnVS","previousCounter":0,"rootKey":"U6cFwh/bpt/e0licLwkEYDwAn3DGiCdWr95P5VMeMKE="},"indexInfo":{"baseKey":"BSrj4sPaD8xs4eCo9J7ytrNWAG8sBy+aeutapkhiRyAq","baseKeyType":2,"closed":-1,"used":1751114351886,"created":1751114351886,"remoteIdentityKey":"BScIHRMGaapqxZXRMDBmxgj4Zmpg/NyYunkwA2Iu3vQP"},"_chains":{"BQAI00hp9YQS2GdYQk3DMy09zHmLXlA4ELMYXKeKFnVS":{"chainKey":{"counter":2,"key":"KwsqZ8DprLDwLpGWD+H1Q5hyAPEXDdTgzq9SJIPKMHU="},"chainType":2,"messageKeys":{}},"BTD8XmtBKJLamMUlWzWqxZEqapALQy0wPwT1GIoyojFa":{"chainKey":{"counter":-1,"key":"yDgWLJp1uGetM4h6ZJbtw/URUjZKDOTMcMliG2h0Fug="},"chainType":1,"messageKeys":{}}}}},"version":"v1"}