{"_sessions":{"BUuMIU7H2HFADtS2Vp453FRvNKEV121s/kh2N9HfmvVA":{"registrationId":12059,"currentRatchet":{"ephemeralKeyPair":{"pubKey":"Ba/dfoerl0z3ulSv5gX93N2eeLJCLjmOA5xg88LaJlth","privKey":"yLTs1lM1VM7UPEgxYbl96PI+Z8erbdj3jNTyws80CV4="},"lastRemoteEphemeralKey":"BdXgruwogKw5ecMFOYpZYRAcfcdfmr8lkr1u7nDY7/dp","previousCounter":0,"rootKey":"qfo1KWPyzQeN/dHrfXYyuv+rtNDIkAiPsMoDu3injFA="},"indexInfo":{"baseKey":"BUuMIU7H2HFADtS2Vp453FRvNKEV121s/kh2N9HfmvVA","baseKeyType":2,"closed":-1,"used":1751430604066,"created":1751430604066,"remoteIdentityKey":"BY3c29K/rTAwBMoS5D1b0koWi7M+72YtlMKVyYkN40Aq"},"_chains":{"BdXgruwogKw5ecMFOYpZYRAcfcdfmr8lkr1u7nDY7/dp":{"chainKey":{"counter":0,"key":"TxHat85whonZisEiPGU685uujnU/L1DoAkbp7fClD6E="},"chainType":2,"messageKeys":{}},"Ba/dfoerl0z3ulSv5gX93N2eeLJCLjmOA5xg88LaJlth":{"chainKey":{"counter":-1,"key":"LjD7KAKCyHdiBNLnFpqWlMIWDTYOgVCNukhMzhDHdt8="},"chainType":1,"messageKeys":{}}}}},"version":"v1"}