{"_sessions":{"BeJF+Ik6wHf3KyDHkuS8d63Zg4X4ORZSK4lHDC7MIOZF":{"registrationId":1274754735,"currentRatchet":{"ephemeralKeyPair":{"pubKey":"BQGlkLWkbhFk1YBkvLQI2NN8cpOZ6FcZ9fjM0HJ+CQo5","privKey":"gDQsXEAC+WznGgANTykcTv8jN6q9/Q4nAdv24HGa6FU="},"lastRemoteEphemeralKey":"BTcNsxNotFwKbAD/mTz7PbN4HslHIiNUBD0OQrnaJ4RY","previousCounter":0,"rootKey":"TA992nLr5auVgRjBIE4vT60pb8A35E1FbHVo+pNwioQ="},"indexInfo":{"baseKey":"BeJF+Ik6wHf3KyDHkuS8d63Zg4X4ORZSK4lHDC7MIOZF","baseKeyType":2,"closed":-1,"used":1751430610106,"created":1751430610106,"remoteIdentityKey":"BaiVTLE6U5OGF4bM2qxPtJtxi41e7zlaHMOLqlwIcpIM"},"_chains":{"BTcNsxNotFwKbAD/mTz7PbN4HslHIiNUBD0OQrnaJ4RY":{"chainKey":{"counter":0,"key":"X2KW73t9Lrt0XoBbb/fF4sPBHyjKsqkQ78odAYbd20E="},"chainType":2,"messageKeys":{}},"BQGlkLWkbhFk1YBkvLQI2NN8cpOZ6FcZ9fjM0HJ+CQo5":{"chainKey":{"counter":-1,"key":"8vs583dyX7R50/VbUvSvJlM2MF8xFz74lwQmEGOcGOQ="},"chainType":1,"messageKeys":{}}}}},"version":"v1"}