{"_sessions":{"BSl/lnXI4iyhe5fPEZy+L5oNH8kznzWf2DLwAaW8UjVI":{"registrationId":5371120,"currentRatchet":{"ephemeralKeyPair":{"pubKey":"BUphCCNjDS28FLt/3tFBJ1ep+W5Ut+2C8WpZXOVWISIY","privKey":"aKVUO4q0Dgq0DmEwuXK0xFh+ja1mvhjh0I17N2++9UQ="},"lastRemoteEphemeralKey":"BZY/M+0jdipKOXBptGusBXbzg1Kq70VQQgZnxKy5i/wK","previousCounter":0,"rootKey":"pAuDZGtnvK5H07GCyzqHixm4ynNBygPZI+gd5cdBCiA="},"indexInfo":{"baseKey":"BSl/lnXI4iyhe5fPEZy+L5oNH8kznzWf2DLwAaW8UjVI","baseKeyType":2,"closed":-1,"used":1751114351744,"created":1751114351744,"remoteIdentityKey":"BSpb6YMYESjBpto1/yRPYIzRvhIWqiJyinIgFklh1lsg"},"_chains":{"BZY/M+0jdipKOXBptGusBXbzg1Kq70VQQgZnxKy5i/wK":{"chainKey":{"counter":0,"key":"dBLZ89m1jWB5+aj6dfs8EMFVLcbnyMG8/kUJgAWXFLU="},"chainType":2,"messageKeys":{}},"BUphCCNjDS28FLt/3tFBJ1ep+W5Ut+2C8WpZXOVWISIY":{"chainKey":{"counter":-1,"key":"A0mbYaaepKfyD+siAxgIC40mD0sVxweB1plfc4cBstA="},"chainType":1,"messageKeys":{}}}}},"version":"v1"}