{"_sessions":{"BaRm3H9iLMlq98hSbwcGwPUOEE3+hLHYbYO5pxjtD4BA":{"registrationId":903649994,"currentRatchet":{"ephemeralKeyPair":{"pubKey":"BYsomx+avjNIQg3sOETNEh9OWw61Sn41etZCJzq4oy8r","privKey":"8B4f/nFsb3RtNBNZdLXW/emHdSJlsz6o8xrfG8qmv0k="},"lastRemoteEphemeralKey":"BatgwFhXmFndWKjaujowCacocK5nP73Ft15k4PuYvWdI","previousCounter":0,"rootKey":"oBAmFNwVwbWyS5MNgun12weLzQahUtRieBS1nnrTQhU="},"indexInfo":{"baseKey":"BaRm3H9iLMlq98hSbwcGwPUOEE3+hLHYbYO5pxjtD4BA","baseKeyType":2,"closed":-1,"used":1751114351666,"created":1751114351666,"remoteIdentityKey":"BQFHg7akVNm68Pc5zDcPJ8nNYjk4UOV58hNaQtNaahUD"},"_chains":{"BatgwFhXmFndWKjaujowCacocK5nP73Ft15k4PuYvWdI":{"chainKey":{"counter":4,"key":"rgRp66zqfbG99lmMg/lHgKN4d1+tGb9kN4RDE2XwQqw="},"chainType":2,"messageKeys":{}},"BYsomx+avjNIQg3sOETNEh9OWw61Sn41etZCJzq4oy8r":{"chainKey":{"counter":-1,"key":"nWM28ENUNztjwxTDbwFnDbnbW5JoQbuh1y69rc7kvM8="},"chainType":1,"messageKeys":{}}}}},"version":"v1"}