{"_sessions":{"BdsngzT6wevf0bv/LppQadcPNPjG7mwJOtp9IQv7EH03":{"registrationId":2023514092,"currentRatchet":{"ephemeralKeyPair":{"pubKey":"BT6te0BJVrf830OzMG8FNF92hWTfCzQ+yojz2OEVdu9H","privKey":"gM40FiUtd6fN55yGN/ugSxaSDoANPj05ChIf86yCskQ="},"lastRemoteEphemeralKey":"BSI8MAoFOAZHAgfqKKlUVzrjJFpknc2BjbfE1dHnkPA5","previousCounter":0,"rootKey":"m2MvsfcWVyoyU4k0KogdM9gCFMevaxHkGAVAGCeFygI="},"indexInfo":{"baseKey":"BdsngzT6wevf0bv/LppQadcPNPjG7mwJOtp9IQv7EH03","baseKeyType":2,"closed":-1,"used":1751337580342,"created":1751337580342,"remoteIdentityKey":"Bakd+xnZ+YQUff2Iyp546DGA6BBito1tnkphxUV7ijlt"},"_chains":{"BSI8MAoFOAZHAgfqKKlUVzrjJFpknc2BjbfE1dHnkPA5":{"chainKey":{"counter":3,"key":"Vw2dHZENpdVqAk76236/fB4jS2/HFKCNBS8JJIkpdI0="},"chainType":2,"messageKeys":{}},"BT6te0BJVrf830OzMG8FNF92hWTfCzQ+yojz2OEVdu9H":{"chainKey":{"counter":-1,"key":"NIMi/2FTCNFRC5bAmE/Az42pawjkJlpJg+5M2U0zbf0="},"chainType":1,"messageKeys":{}}}}},"version":"v1"}