{"_sessions":{"BVjRc2vNXEcCULKkQRcgTWCCI8QpxQhoUKR7aEfitKN8":{"registrationId":291648924,"currentRatchet":{"ephemeralKeyPair":{"pubKey":"BW8yZ7OqP9hYgXN7uwwAPIQK4pUahburoTKzOeCI9Mxh","privKey":"IGdpk6lYobMi+Fj4Oqm7DrWu1c10iwd1lVgYYI0A9HM="},"lastRemoteEphemeralKey":"BXpltVpKHNDJjg2wj/EYMWTuQWmJ60mGl28y5rxM8BV7","previousCounter":0,"rootKey":"8iPfs+i7TWf2kX/8e0RAfi+i9DT/1tQ0Aq1havMrFu8="},"indexInfo":{"baseKey":"BVjRc2vNXEcCULKkQRcgTWCCI8QpxQhoUKR7aEfitKN8","baseKeyType":2,"closed":-1,"used":1751105597524,"created":1751105597524,"remoteIdentityKey":"BbDcqxxkZNwCUsjKvD0OZG+fbd5z6gOfOXbiSRP6htcQ"},"_chains":{"BXpltVpKHNDJjg2wj/EYMWTuQWmJ60mGl28y5rxM8BV7":{"chainKey":{"counter":2,"key":"K4B783PRnGPiEcWmsHsUX1kH2X0MZ37/Xm/kb2vdS9U="},"chainType":2,"messageKeys":{}},"BW8yZ7OqP9hYgXN7uwwAPIQK4pUahburoTKzOeCI9Mxh":{"chainKey":{"counter":-1,"key":"vsWvbu4TpbCNDBzOz7A/A7boS7y9oDgIDlShp/Daa04="},"chainType":1,"messageKeys":{}}}}},"version":"v1"}