{"_sessions":{"Bfxpsd5vQP1sbys4eAPt3CmgBBdRBMXv3rE1iSD248Ib":{"registrationId":1634175704,"currentRatchet":{"ephemeralKeyPair":{"pubKey":"BTHTa3IGP0+BhDkC9aqXsv0q5tULs47e22BxIj3bNPNR","privKey":"sLCNQMY5kvm+0KdIr1W7OptrI/JnRPbWk7v7QG4ymVE="},"lastRemoteEphemeralKey":"BbcczeHOKu+ZeJmzemz/9wlMQQGKFXFfJ4qs12oGNJQS","previousCounter":0,"rootKey":"iTwSsw4KOkt4Jq0B6e3tFG9DsWgRmIoz8Qmdek4e6rs="},"indexInfo":{"baseKey":"Bfxpsd5vQP1sbys4eAPt3CmgBBdRBMXv3rE1iSD248Ib","baseKeyType":2,"closed":-1,"used":1751430605371,"created":1751430605371,"remoteIdentityKey":"BZGlIYZWVCg7UPsigtFNUtS8R26ptgyIhodXJ5dK5Gtv"},"_chains":{"BbcczeHOKu+ZeJmzemz/9wlMQQGKFXFfJ4qs12oGNJQS":{"chainKey":{"counter":0,"key":"DzhNID7GGlYQkdVlkXg3rQI1hvmToWOTtA2bMYqkMfs="},"chainType":2,"messageKeys":{}},"BTHTa3IGP0+BhDkC9aqXsv0q5tULs47e22BxIj3bNPNR":{"chainKey":{"counter":-1,"key":"gKodtYbP4ayXQ3Iw9DLWLxHfdcuMe55VqU3FKH3PDsA="},"chainType":1,"messageKeys":{}}}}},"version":"v1"}