{"_sessions":{"BV12FBJ7fJv6TW0C1hzSUB6jpvXWJG//qapZZ+3qjohf":{"registrationId":1144513606,"currentRatchet":{"ephemeralKeyPair":{"pubKey":"BS2l3WHmLyWdPN8yMLkzl3k9hz0s2gyrlsdoCuAiUGFS","privKey":"IBBa/C3hyZCGyy+hn1o9UnMWubca0FTQVQH5IXGZREk="},"lastRemoteEphemeralKey":"BXbKg39WTrQchUarrcUhCnkETOM5JXrmXLhegV9cPbNN","previousCounter":0,"rootKey":"cCawuQBB2Pn6l52Ypn9so0PwIAMWI9HDVYfqFJ8g76w="},"indexInfo":{"baseKey":"BV12FBJ7fJv6TW0C1hzSUB6jpvXWJG//qapZZ+3qjohf","baseKeyType":2,"closed":-1,"used":1751117068583,"created":1751117068583,"remoteIdentityKey":"BT/wp5vNhDRtlzJYvuZddaCHomNof9PapJg9g9R5ixwD"},"_chains":{"BXbKg39WTrQchUarrcUhCnkETOM5JXrmXLhegV9cPbNN":{"chainKey":{"counter":0,"key":"tuH5nlY4M3T4uOs+cKawKdSmGQzZjqpnpbscytU5HfU="},"chainType":2,"messageKeys":{}},"BS2l3WHmLyWdPN8yMLkzl3k9hz0s2gyrlsdoCuAiUGFS":{"chainKey":{"counter":-1,"key":"WgKPTT+nnsZDfVn3D6l+iUf6UPWO0vbRQhveD4EojoA="},"chainType":1,"messageKeys":{}}}}},"version":"v1"}