{"_sessions":{"BWVZQnCvg5RDZw6i7B031TZhr/0+GvT5zdkbRwhBMBFz":{"registrationId":1715329179,"currentRatchet":{"ephemeralKeyPair":{"pubKey":"Baqi40OuFhNUqmcGeM8jvUHvheqYnRthwdwGCa25pUlc","privKey":"MAEL/woy6wRuUkxZauzk1RfQ4W7UkZcflD4K04OxNEk="},"lastRemoteEphemeralKey":"BdTw2QhGWg+qm0K5gKPzHqtIINDkktvRHIgE+XAR3wJL","previousCounter":0,"rootKey":"BALJkzi31HuSbaH+uVIPDgPo8eHHTG9DRYdviXYuZTs="},"indexInfo":{"baseKey":"BWVZQnCvg5RDZw6i7B031TZhr/0+GvT5zdkbRwhBMBFz","baseKeyType":2,"closed":-1,"used":1751109498203,"created":1751109498203,"remoteIdentityKey":"BSwONaXPVlkilN4h5xdfS1scV+jMIpGZQ28QQwygVl8j"},"_chains":{"BdTw2QhGWg+qm0K5gKPzHqtIINDkktvRHIgE+XAR3wJL":{"chainKey":{"counter":5,"key":"Wt4O3olDTGj/zB97g5kpYxQ4cl8G3xqykWO0GJTO3qk="},"chainType":2,"messageKeys":{}},"Baqi40OuFhNUqmcGeM8jvUHvheqYnRthwdwGCa25pUlc":{"chainKey":{"counter":-1,"key":"mi24xd4NFyk42/qvfgNui9tapFX9DVZs9Rmms9MbYZk="},"chainType":1,"messageKeys":{}}}}},"version":"v1"}