{"_sessions":{"BTj/VQtkgEl6kfq/vIuhD4bP0/Z2n87qAAGof6UsyHcx":{"registrationId":426613773,"currentRatchet":{"ephemeralKeyPair":{"pubKey":"BcLFUC75bfeUnVQkOjgNRbKgtScnacWgqCXvqcf9/3J3","privKey":"0Pd6u/r5Ihb9Eyg8zCj4EYOhp0THmgZoFodAYnRqPVE="},"lastRemoteEphemeralKey":"BWq8rALyAm4b/LlSlI+I9jcRPokaANXSdQUlpzBgrY0u","previousCounter":0,"rootKey":"JihZ7pBZ/3xrzHfFGTSt5sEUTMvON/bKcvYP8tX0kgc="},"indexInfo":{"baseKey":"BTj/VQtkgEl6kfq/vIuhD4bP0/Z2n87qAAGof6UsyHcx","baseKeyType":2,"closed":-1,"used":1751114351863,"created":1751114351863,"remoteIdentityKey":"BZNKPc/CtAKsEhiVFIAKlYsw9TUdPf7Go5HtehdcolAe"},"_chains":{"BWq8rALyAm4b/LlSlI+I9jcRPokaANXSdQUlpzBgrY0u":{"chainKey":{"counter":7,"key":"2f2TL2THwMpLdF85VDFsajwi280Gt+GEjvhf5G8ddz0="},"chainType":2,"messageKeys":{}},"BcLFUC75bfeUnVQkOjgNRbKgtScnacWgqCXvqcf9/3J3":{"chainKey":{"counter":-1,"key":"3D/kPl1b29/8BnLHfopVX8NSd076RqQ1OtC8jmAGsjM="},"chainType":1,"messageKeys":{}}}}},"version":"v1"}