{"_sessions":{"Bbsjzsx5pjx1qU07MB8W+fUqH+Ti99yHIdhrUMOuayEd":{"registrationId":466512937,"currentRatchet":{"ephemeralKeyPair":{"pubKey":"BSlkzVVFFw9fVVO/jelLG/x+sbGi8R76WczFXPj5LJ9J","privKey":"4BNeyJ5/Nm6V9G7gE9YWS4cxjWErouSUUzJhYi5osGk="},"lastRemoteEphemeralKey":"BXwdJ1GLe91uqTMWHixWM2VODkBb2WrR54tb/qXPQgwg","previousCounter":0,"rootKey":"EUtKzUZdLqFPJKGM58nPXlolQRf+We0yEhZbx3JUgG4="},"indexInfo":{"baseKey":"Bbsjzsx5pjx1qU07MB8W+fUqH+Ti99yHIdhrUMOuayEd","baseKeyType":2,"closed":-1,"used":1751179764639,"created":1751179764639,"remoteIdentityKey":"BSNRaWjjX9pqXD2w9OpEFeOaT38y54nfu+Dco4jxzAES"},"_chains":{"BXwdJ1GLe91uqTMWHixWM2VODkBb2WrR54tb/qXPQgwg":{"chainKey":{"counter":3,"key":"fnH7SezxRQvfJeJMOXmB4+afwLbYfCpEa+VpOoTOp0k="},"chainType":2,"messageKeys":{}},"BSlkzVVFFw9fVVO/jelLG/x+sbGi8R76WczFXPj5LJ9J":{"chainKey":{"counter":-1,"key":"7/Ojs9WuVNGZO59sKrQoYhInmZSFyRuuk8fwlnxL9xg="},"chainType":1,"messageKeys":{}}}}},"version":"v1"}