{"_sessions":{"Bch2QioEWJXcX81u5qfYRFbR6EdUk34jeGO9lHMBHXZ0":{"registrationId":26176022,"currentRatchet":{"ephemeralKeyPair":{"pubKey":"BfXPmb9VVrX5E9zPb0gKESie1JuqNaFkQfP0zhViQSA9","privKey":"oGVa4hO6QPDjdUYQ7qNjLCEoJZGAgN6siLw/8Kh/mGk="},"lastRemoteEphemeralKey":"BRk8Bu+QaE3jmPrjjc76DbmVqgjmzO4co7cCgdbL4t4G","previousCounter":0,"rootKey":"uw+f1mICjG8k0XcNiraEDeEED5dMOlWv8AzxnGsXWYY="},"indexInfo":{"baseKey":"Bch2QioEWJXcX81u5qfYRFbR6EdUk34jeGO9lHMBHXZ0","baseKeyType":2,"closed":-1,"used":1751286322721,"created":1751286322721,"remoteIdentityKey":"BUJvNsnMzaAXUxOp2XBpc2KnP3h/xoOYqD2ADP/TgY9O"},"_chains":{"BRk8Bu+QaE3jmPrjjc76DbmVqgjmzO4co7cCgdbL4t4G":{"chainKey":{"counter":0,"key":"Raay8NoOVDfjgwbfsx5FnzRyF3jOZSEq93uyCXKwaPo="},"chainType":2,"messageKeys":{}},"BfXPmb9VVrX5E9zPb0gKESie1JuqNaFkQfP0zhViQSA9":{"chainKey":{"counter":-1,"key":"0bY9QG2ACGbGA/H19SyR7rwJtS98PVg3zeVPksNKV5A="},"chainType":1,"messageKeys":{}}}}},"version":"v1"}