{"_sessions":{"BR9Hnt+eV6iQqM+BTM0mkFMsYJtJzC0GjQMHVpRtDCIN":{"registrationId":1610054697,"currentRatchet":{"ephemeralKeyPair":{"pubKey":"BRB/2AyB51tTsvCEoC1Ac/CBzfJH5CWHB4d4x6RirR9n","privKey":"2OQ4KIh2fLw9mchVtsbpjgoEAwQLpJNDsi3rPvQDk2M="},"lastRemoteEphemeralKey":"Be3gEhWVORtMkPTxk7iPb8UlFXAtZzmqCv/rHj+6BetR","previousCounter":0,"rootKey":"qbkpOMlp30/DJK2B4QZihSTWHFh0NogXl1goktC8Yys="},"indexInfo":{"baseKey":"BR9Hnt+eV6iQqM+BTM0mkFMsYJtJzC0GjQMHVpRtDCIN","baseKeyType":2,"closed":-1,"used":1751430596966,"created":1751430596966,"remoteIdentityKey":"BS5oCu/h3CzP+ToUMlyiP61qrMqChiRwp+JOESzn4iFp"},"_chains":{"Be3gEhWVORtMkPTxk7iPb8UlFXAtZzmqCv/rHj+6BetR":{"chainKey":{"counter":0,"key":"H4bBa5ELynWa74zdNXFzXVIi1s5bp6L4J1AYBEPTwFo="},"chainType":2,"messageKeys":{}},"BRB/2AyB51tTsvCEoC1Ac/CBzfJH5CWHB4d4x6RirR9n":{"chainKey":{"counter":-1,"key":"VpMh1YK8GQ66vqCEm45q3pMuuJJ0TuDdMaAIJ0lnbFE="},"chainType":1,"messageKeys":{}}}}},"version":"v1"}