{"_sessions":{"BUbljBSoWf/zzLN8MoLXH26+Co2h9lxLXCQcb+zydmYW":{"registrationId":12774,"currentRatchet":{"ephemeralKeyPair":{"pubKey":"BYmqoJNn/DO2Fo7FnB5g/ZD3o4SxEqH1bDH+BefQFxcu","privKey":"sLpLnksjsFuiPFZXhNWc6/lZSm8iKfbRmVErhgx7gV4="},"lastRemoteEphemeralKey":"BU9uZQjWbfIhqZp7DL1zL1i3zS/yZaKrOGdvs7EVEv8f","previousCounter":0,"rootKey":"ulGID0+AQCpQCJPpWuJlLl93a7wF7Ql1CKwRMQ7WiRc="},"indexInfo":{"baseKey":"BUbljBSoWf/zzLN8MoLXH26+Co2h9lxLXCQcb+zydmYW","baseKeyType":2,"closed":-1,"used":1751291314039,"created":1751291314039,"remoteIdentityKey":"BaweLbVitpx/Zd4T56lbf8N7/8jAJof9tCtZ9dsrozgD"},"_chains":{"BU9uZQjWbfIhqZp7DL1zL1i3zS/yZaKrOGdvs7EVEv8f":{"chainKey":{"counter":0,"key":"LwZ07N7anxEDy9CpXDg023n1ok4/o1t9nnQf3++Itzc="},"chainType":2,"messageKeys":{}},"BYmqoJNn/DO2Fo7FnB5g/ZD3o4SxEqH1bDH+BefQFxcu":{"chainKey":{"counter":-1,"key":"iYAQDOu1+SlxvUundRSGz0zxZmbXL0MhxSWtkMdMoeg="},"chainType":1,"messageKeys":{}}}}},"version":"v1"}