{"_sessions":{"BVJ5HNQ/fte8ZyphTOq9MfvcAcWagyFPE5BggvuEdiJm":{"registrationId":1803458905,"currentRatchet":{"ephemeralKeyPair":{"pubKey":"BWngKBEzL1Js7B1eI81xy25I7vwF+3wb+UJvfbxZpEVg","privKey":"8P5MohcyVzczCe0aY20VBcxLIybDDai+jop7iZhyk1U="},"lastRemoteEphemeralKey":"Be0Yr8UtICffk+EjeAQ3fbmDkGYzXvpxtdtSVLMsrh1E","previousCounter":0,"rootKey":"MWhohrdmuYkVaSGNwvMQmSJejD8w0WUWmuCmzcqeQzc="},"indexInfo":{"baseKey":"BVJ5HNQ/fte8ZyphTOq9MfvcAcWagyFPE5BggvuEdiJm","baseKeyType":2,"closed":-1,"used":1751196597475,"created":1751196597475,"remoteIdentityKey":"BddeCBv50rbR0x1GdKwzDBZxATSxBztsg4hBezAaU+9A"},"_chains":{"Be0Yr8UtICffk+EjeAQ3fbmDkGYzXvpxtdtSVLMsrh1E":{"chainKey":{"counter":4,"key":"+A30aAfe7tM9JiHE4zSCJLjuO1djyJkggmiK7+thh0k="},"chainType":2,"messageKeys":{}},"BWngKBEzL1Js7B1eI81xy25I7vwF+3wb+UJvfbxZpEVg":{"chainKey":{"counter":-1,"key":"/o4oz/HCQsAL9wa+ncj2X6VbW8cwF+wsVhlfJUrHFOI="},"chainType":1,"messageKeys":{}}}}},"version":"v1"}