{"_sessions":{"BaWs046cQnlB+eNOzYD590qpt5xdRO1NybZqAzkqnZ8i":{"registrationId":852348147,"currentRatchet":{"ephemeralKeyPair":{"pubKey":"BZhVcUyShLwfnhY8neEDXDo+mc5RqNIQ1GcoIXx2ETEP","privKey":"cHMAplcCacqaCD80761wH8ORAgw6xq1Q1ihtwwCesVs="},"lastRemoteEphemeralKey":"BUCAZzroc+Z7SGl0ALgxzIJGkjFvZCfIqoQT08SfDXcL","previousCounter":0,"rootKey":"tWtez8KOC7g6UkzF4BmKD4FEvRb4gMkxh8L5CGZ9NlE="},"indexInfo":{"baseKey":"BaWs046cQnlB+eNOzYD590qpt5xdRO1NybZqAzkqnZ8i","baseKeyType":2,"closed":-1,"used":1751290773848,"created":1751290773848,"remoteIdentityKey":"BSPRueygGrHgM/u+8UmHdBYej7LWdTSkR0PAbBg0gp50"},"_chains":{"BUCAZzroc+Z7SGl0ALgxzIJGkjFvZCfIqoQT08SfDXcL":{"chainKey":{"counter":1,"key":"d5hfHFhgd8KiDRdqhn8PdSd8IqZ3QdqBGZCey5B+1lQ="},"chainType":2,"messageKeys":{}},"BZhVcUyShLwfnhY8neEDXDo+mc5RqNIQ1GcoIXx2ETEP":{"chainKey":{"counter":-1,"key":"kx9wojPJT1m9eR+2WfDpSeDEJDg22OjCIgWBrjdGKTA="},"chainType":1,"messageKeys":{}}}}},"version":"v1"}