{"_sessions":{"BePsfDx3FzRv/HMmdSaLbArkv7SpqEVbK90f44xoP1VW":{"registrationId":1516702261,"currentRatchet":{"ephemeralKeyPair":{"pubKey":"BZYxu+hzUk8jnx1VS+GdhVZ++XRGrbBVNfJM48VEliF0","privKey":"UBTzYsplqj35n170yaiRxDTsDCVFdORaSYjvN4J5Dng="},"lastRemoteEphemeralKey":"BXJsP2a9QJJ4Ue3+bs3piNdQ8NAH/j3GVn19jhIBiL8h","previousCounter":0,"rootKey":"Ins1g5cpO9XPUeJoDjICyJFOg97aqu6iBY4A0wsZGnA="},"indexInfo":{"baseKey":"BePsfDx3FzRv/HMmdSaLbArkv7SpqEVbK90f44xoP1VW","baseKeyType":2,"closed":-1,"used":1751122637765,"created":1751122637765,"remoteIdentityKey":"BV02Sptx1GiBnYrij+URUIpnVcRyL8Xh6ZiAviqf2HZt"},"_chains":{"BXJsP2a9QJJ4Ue3+bs3piNdQ8NAH/j3GVn19jhIBiL8h":{"chainKey":{"counter":0,"key":"5AeNm1NrrSchhkl0+/eKRx2JcYphGemhjRW41PCq4i8="},"chainType":2,"messageKeys":{}},"BZYxu+hzUk8jnx1VS+GdhVZ++XRGrbBVNfJM48VEliF0":{"chainKey":{"counter":-1,"key":"Krw9/YF1lgS5v8KtrqAkgWZEI91yf2TcDC+R9ZkfzDc="},"chainType":1,"messageKeys":{}}}}},"version":"v1"}