{"_sessions":{"BbLIhyOfmldt/KoA74ATAycEwP5q/i73SrfVSwrPBns6":{"registrationId":2096606233,"currentRatchet":{"ephemeralKeyPair":{"pubKey":"BaaLheXx7YV2OvmkbTBUJFva61wmCkyZ3Mwh/kYaYFhi","privKey":"cNKX87Xlx5WVNl7ZaZLYaq/TUbodzFxH7r5vORUXRXU="},"lastRemoteEphemeralKey":"BW9yg5yGQO4co3nth073HDPhkiCOIC4X3/8E86kGcdIG","previousCounter":0,"rootKey":"CboBJofWp1h2Uu3UqCj6KdRZ357TCkH24DqtDVyFRTM="},"indexInfo":{"baseKey":"BbLIhyOfmldt/KoA74ATAycEwP5q/i73SrfVSwrPBns6","baseKeyType":2,"closed":-1,"used":1751272259053,"created":1751272259053,"remoteIdentityKey":"BSYg87+Xc4VjjC4+Jy8PuTq+MUPKSevRzw9WbzqrHR1C"},"_chains":{"BW9yg5yGQO4co3nth073HDPhkiCOIC4X3/8E86kGcdIG":{"chainKey":{"counter":0,"key":"9kqMoDSFsyrMWCcJYzrEUFctrSxka6dmGEGxzjhvTcQ="},"chainType":2,"messageKeys":{}},"BaaLheXx7YV2OvmkbTBUJFva61wmCkyZ3Mwh/kYaYFhi":{"chainKey":{"counter":-1,"key":"G+ZBv6eG5g8eVa9OiSt1MXJlOXo7ZHPtS7jyZeoassg="},"chainType":1,"messageKeys":{}}}}},"version":"v1"}