{"_sessions":{"BVgy7TSCuHXK8CD88PY2/Zf3S4iIGQf7ANY1WC3ajhME":{"registrationId":6536,"currentRatchet":{"ephemeralKeyPair":{"pubKey":"BaFfpZcgrsYRyxSh6EiEbSZ1hMVAM/7objG4VPrkc0o5","privKey":"MDLsC0miJtdMO/ZMPI/ymP7HLegE/0IqePhBZQcUMX8="},"lastRemoteEphemeralKey":"BfX8MNqljEHud4tAnVsjyUewu7PSXKMcJDuhUt80nnF9","previousCounter":0,"rootKey":"6isOZ0jd/k0NH1sMXoutyJLFcSSbZvdgeLnJDMfPMn8="},"indexInfo":{"baseKey":"BVgy7TSCuHXK8CD88PY2/Zf3S4iIGQf7ANY1WC3ajhME","baseKeyType":2,"closed":-1,"used":1751248986483,"created":1751248986483,"remoteIdentityKey":"BRa+v7AtW9InYV/3h6qeWrE+SlJTYVxFiTIZHTTXV/8x"},"_chains":{"BfX8MNqljEHud4tAnVsjyUewu7PSXKMcJDuhUt80nnF9":{"chainKey":{"counter":1,"key":"cn2fCPV5ndM8RyeBvZLDstqKbt+tKNSf2mM/0k8rTXA="},"chainType":2,"messageKeys":{}},"BaFfpZcgrsYRyxSh6EiEbSZ1hMVAM/7objG4VPrkc0o5":{"chainKey":{"counter":-1,"key":"CSaLS03nY9OScI5ff7AAValIGNbPRMiBsTCd1GjR6c8="},"chainType":1,"messageKeys":{}}}}},"version":"v1"}