{"_sessions":{"BZ/X/IJM+jANd+K7X4ksTMTXxamVhHqrLT6rMO79ZTYR":{"registrationId":937844793,"currentRatchet":{"ephemeralKeyPair":{"pubKey":"BdYJpVdU9CQmwIK/tTPkcsfqWGUslG7ycjxZvH63MHpS","privKey":"YGhaxjB7d6G2m4yfbc00QPrGgGCgWSa241TZdwpRr0M="},"lastRemoteEphemeralKey":"BboTkVAQNVRG4NYH712pX6X84bKlYhYSz+yUTeGKd3lj","previousCounter":0,"rootKey":"2NchtPJTtZ+wWywlpRD1swBA+gdW0885MTR8kQizWJ8="},"indexInfo":{"baseKey":"BZ/X/IJM+jANd+K7X4ksTMTXxamVhHqrLT6rMO79ZTYR","baseKeyType":2,"closed":-1,"used":1751248279262,"created":1751248279262,"remoteIdentityKey":"Bdiy+SNiDNKGkdyPwvqURLNV2i2ShkPSmB6VbTK50dpS"},"_chains":{"BboTkVAQNVRG4NYH712pX6X84bKlYhYSz+yUTeGKd3lj":{"chainKey":{"counter":0,"key":"TMEan9YJEciTmaIZZj1ZmzEsQjk9EVZlCmPDEt7ppO0="},"chainType":2,"messageKeys":{}},"BdYJpVdU9CQmwIK/tTPkcsfqWGUslG7ycjxZvH63MHpS":{"chainKey":{"counter":-1,"key":"+NzqdIilqT7jXxfeHRaz3uQ2wHnuXZzWl5xKnY2/UYw="},"chainType":1,"messageKeys":{}}}}},"version":"v1"}