{"_sessions":{"BffYS9+Yszubw/CNPk9tpPS8tvjDStlirVirPtQAANsu":{"registrationId":204292901,"currentRatchet":{"ephemeralKeyPair":{"pubKey":"BZay3K8WYzyS5zSSa2dxaMom1NC3h4NLhIW76p68vgtM","privKey":"gDyF0MfGLyT4+HvGeUCZfzncgioFRbduG/q5bUq0ynY="},"lastRemoteEphemeralKey":"BbnXyfFzdwfCZZnge5zHcvEjvOdtGBU2nmacbQMdokgi","previousCounter":0,"rootKey":"JzTiad1aYVBNGWgPOPw4BpW2h5VQ8ScZeksNGupAsXY="},"indexInfo":{"baseKey":"BffYS9+Yszubw/CNPk9tpPS8tvjDStlirVirPtQAANsu","baseKeyType":2,"closed":-1,"used":1751249813272,"created":1751249813272,"remoteIdentityKey":"BUJGmmDRsOI0KQyDwiZi//+Tg5e+VsbeL6rOUNz4WkFU"},"_chains":{"BbnXyfFzdwfCZZnge5zHcvEjvOdtGBU2nmacbQMdokgi":{"chainKey":{"counter":1,"key":"Tb/GLNW0cf8ZbGh2rhubQzwzJB8oR/nb9bDXqCDCzNc="},"chainType":2,"messageKeys":{}},"BZay3K8WYzyS5zSSa2dxaMom1NC3h4NLhIW76p68vgtM":{"chainKey":{"counter":-1,"key":"BeN0qZfEmBrBJ+JrCpO3yvUqk1fDpW2rVi4CyGGvmx0="},"chainType":1,"messageKeys":{}}}}},"version":"v1"}