{"_sessions":{"Bd/dvMZ97Zw6DRfxHLHdrU5G6HpIa0oX6kUsKo1wggNh":{"registrationId":14804,"currentRatchet":{"ephemeralKeyPair":{"pubKey":"BV5zVXEvSvroZkrHkr/Kud+1IPD2FpuMwJSLy5nbLZAY","privKey":"eNL9C4QfmVUsb9trtPpVS2t2q6H7pM3tBSjN8H7a81Q="},"lastRemoteEphemeralKey":"BeEM77gY3LTLgcDoZjyDHQkPGtUdky1jJffb+jN2/lQF","previousCounter":0,"rootKey":"BqsgeDakU0iYD/FGvysWpSwck/6IpJMjjuqeBUp91FA="},"indexInfo":{"baseKey":"Bd/dvMZ97Zw6DRfxHLHdrU5G6HpIa0oX6kUsKo1wggNh","baseKeyType":2,"closed":-1,"used":1751251883222,"created":1751251883222,"remoteIdentityKey":"Bfzu2A7yw1grRtNjq+g+8ytErFs6Ujil6/Z4fqUT9kJe"},"_chains":{"BeEM77gY3LTLgcDoZjyDHQkPGtUdky1jJffb+jN2/lQF":{"chainKey":{"counter":0,"key":"3oImy+aHlLRMkPyDx+FfJhPbsJWV40Zt/nvp1g50uZo="},"chainType":2,"messageKeys":{}},"BV5zVXEvSvroZkrHkr/Kud+1IPD2FpuMwJSLy5nbLZAY":{"chainKey":{"counter":-1,"key":"t1EMX7/8RgEEwU5ZR2XY6ZHgUdyf624VFg6NAnjo6kE="},"chainType":1,"messageKeys":{}}}}},"version":"v1"}