{"_sessions":{"BVeDzWNtcKt1Q2V/8vSCntif+H/jHRfmL3hAuOMT19wN":{"registrationId":1622928016,"currentRatchet":{"ephemeralKeyPair":{"pubKey":"BT06XF5WRzc2dcvGwgdrQsc9rVLcdkiZcVQt+zxjGFp/","privKey":"WOQR1F0ZvZ3KlDv5kUF5DU3+pptXSRrw+JI8EEldDVs="},"lastRemoteEphemeralKey":"BWtsqgzAlgMbW7GzBTv+OOjFXAT4OeLBXb0kfh2yuj9X","previousCounter":0,"rootKey":"AHbRfaESU4Cn29AxVvlRj4DpYMdfYZRpt2eMErjt4GM="},"indexInfo":{"baseKey":"BVeDzWNtcKt1Q2V/8vSCntif+H/jHRfmL3hAuOMT19wN","baseKeyType":2,"closed":-1,"used":1751430606692,"created":1751430606692,"remoteIdentityKey":"BWV5G7oewXUpVSALgbJOKPKcpzWZj1EQ1MwO74eDgIJF"},"_chains":{"BWtsqgzAlgMbW7GzBTv+OOjFXAT4OeLBXb0kfh2yuj9X":{"chainKey":{"counter":0,"key":"jQYw7HTSDSMfhYjsjVsKt2B5aRsAwyOZeAUQO9m9VeY="},"chainType":2,"messageKeys":{}},"BT06XF5WRzc2dcvGwgdrQsc9rVLcdkiZcVQt+zxjGFp/":{"chainKey":{"counter":-1,"key":"3XrU0Ekzfr6iNmUNW03wPKh0Xjr+8CUNM++82EEPRNw="},"chainType":1,"messageKeys":{}}}}},"version":"v1"}