{"_sessions":{"BdvH7UEsHj7P8MPnuevu4/gie2+dTJ9QWdLYNS2EEEcn":{"registrationId":1490416094,"currentRatchet":{"ephemeralKeyPair":{"pubKey":"BfK6fgvYJE7eKx0xeJTpK3ndLU5Un8Ruc4u2hFSziu5q","privKey":"6DThoQvWBSWtUbgQaSgxATQPVHJ7QTr5NIpw6fHttk0="},"lastRemoteEphemeralKey":"BZyuPGthNAZ5QhEZ94qxA2hYDhy7LukeQmWa1TZHR25e","previousCounter":0,"rootKey":"NAhW78dFZuoLPrbDf28QaekllstumJcs9ex1+i4KcYI="},"indexInfo":{"baseKey":"BdvH7UEsHj7P8MPnuevu4/gie2+dTJ9QWdLYNS2EEEcn","baseKeyType":2,"closed":-1,"used":1751430610839,"created":1751105256204,"remoteIdentityKey":"BQvPd6tOTWlNMmyoQXoL41A07LRIOk4ob6NfZqkzIuIm"},"_chains":{"BRCdA3cOjlNb68RjtchMicbfzIo/kdNtWGWtFwV7PL8m":{"chainKey":{"counter":0},"chainType":2,"messageKeys":{}},"BZyuPGthNAZ5QhEZ94qxA2hYDhy7LukeQmWa1TZHR25e":{"chainKey":{"counter":64,"key":"xsdS/cslOt10PttEYGEtEBjGcf3H3xsDKR+mcg7dv6Y="},"chainType":2,"messageKeys":{"21":"2MRTwwvlBGCMLSzhZblT1cfD+k7D4QoK1QGBISWujXs=","56":"WDI8ZieYDkxunpBgMly7sT4ZLTGJkqaqJLK1wQsfPsY="}},"BfK6fgvYJE7eKx0xeJTpK3ndLU5Un8Ruc4u2hFSziu5q":{"chainKey":{"counter":-1,"key":"qelm5eYrvrLBZBaIQ5vupgpCnYSaA7llI01LNiajP6s="},"chainType":1,"messageKeys":{}}}}},"version":"v1"}