{"_sessions":{"BbTH3GgzWpNVzUK+TUZdjgmBMOFf6SS2/P/fTqBrMwN9":{"registrationId":1701652862,"currentRatchet":{"ephemeralKeyPair":{"pubKey":"Bc8ihWZRa8bg98YF8/t65hee/wS+Nz55M7Tv5Q5iF6N8","privKey":"6BzDQQIyYa284teu9otEwj37PzEFP4lEqV+Rlkef+Xo="},"lastRemoteEphemeralKey":"BZFO0MuOT91mW68cB3Gg7NXlL5+TSXq0U8uktXXR4Vw3","previousCounter":0,"rootKey":"X+E7uTpKbsflGHjoI1skNOEu3z8mlXM7Z+8+Zrc5ThM="},"indexInfo":{"baseKey":"BbTH3GgzWpNVzUK+TUZdjgmBMOFf6SS2/P/fTqBrMwN9","baseKeyType":2,"closed":-1,"used":1751337578994,"created":1751337578994,"remoteIdentityKey":"BcqFnoHp1EvmtFZ0RP8SyTZ3JmimEpyRLaLq/TOw6zRu"},"_chains":{"BZFO0MuOT91mW68cB3Gg7NXlL5+TSXq0U8uktXXR4Vw3":{"chainKey":{"counter":0,"key":"nhr1Dq7SzhGW1zZOOMfnHUlVuihNGKSCgUQ3kigdRNw="},"chainType":2,"messageKeys":{}},"Bc8ihWZRa8bg98YF8/t65hee/wS+Nz55M7Tv5Q5iF6N8":{"chainKey":{"counter":-1,"key":"pgXl8XJavv0ZihAOqZGqP3huArEKy4a6VyW/vJUl/ms="},"chainType":1,"messageKeys":{}}}}},"version":"v1"}