{"_sessions":{"BdtSqtn7U56t2NyfZRLeQg7yvwE9NbKg+KV1y0PN4rFe":{"registrationId":139685162,"currentRatchet":{"ephemeralKeyPair":{"pubKey":"BeU4pGootXQWY0Pft+uZ4d/pYHQ326JrrzE/ZcpdROQy","privKey":"CKKwMtF0PR5p9UA5wBQMEqifhAjJ6hLGpjhwsiMMuXw="},"lastRemoteEphemeralKey":"BRV1o2MJQ+FKGhWZtY19DoviWb6A8np0o8rL8tq3YvxH","previousCounter":0,"rootKey":"fN2y0J8e6vjgrceAJoNUJO2RKyHVDY82xnYPp+nSVaQ="},"indexInfo":{"baseKey":"BdtSqtn7U56t2NyfZRLeQg7yvwE9NbKg+KV1y0PN4rFe","baseKeyType":2,"closed":-1,"used":1751179767876,"created":1751179767876,"remoteIdentityKey":"BQKU7VpfGpWVabn+zdJVgEJY/+7/duJjBt1IJlNMVvQs"},"_chains":{"BRV1o2MJQ+FKGhWZtY19DoviWb6A8np0o8rL8tq3YvxH":{"chainKey":{"counter":3,"key":"p5kNDRi+S5FlrVJePbRPrEseDp0fYotguKPC27/HAWs="},"chainType":2,"messageKeys":{}},"BeU4pGootXQWY0Pft+uZ4d/pYHQ326JrrzE/ZcpdROQy":{"chainKey":{"counter":-1,"key":"RGv7T2ygHWDOj3zj2ROXCwJrD64gSBFK7whxt05AvN0="},"chainType":1,"messageKeys":{}}}}},"version":"v1"}