{"_sessions":{"BXC61/qSOg5VrYNfcm7sdtq7Lu4hBRWVhmtXzWPRMo5c":{"registrationId":229675624,"currentRatchet":{"ephemeralKeyPair":{"pubKey":"BR9uyXRpK3O1Xx+qv4DuouN6yMfeiUcPy0WwIXz1UxEo","privKey":"8GXuTD2fEzpzhUm+BJt+Q5SGgKHdS7qWEMJuWc/pDWs="},"lastRemoteEphemeralKey":"Baol5v40lIxE7kEzu6cyZts4laN4I2B7SbSJi7YEJ7Yi","previousCounter":0,"rootKey":"hTPlBuPHrqn/mMAVPi0j8NjqAs66ZAODOy0WpuW8B1w="},"indexInfo":{"baseKey":"BXC61/qSOg5VrYNfcm7sdtq7Lu4hBRWVhmtXzWPRMo5c","baseKeyType":2,"closed":-1,"used":1751179764712,"created":1751179764712,"remoteIdentityKey":"BR2r0dD6rwev+dHVwZT0eslQaTeAl01P83zZnPaxTz14"},"_chains":{"Baol5v40lIxE7kEzu6cyZts4laN4I2B7SbSJi7YEJ7Yi":{"chainKey":{"counter":0,"key":"tMNQfFysB9p7iP2jKpicppJ79kC6/ddfWCAmgLV1Auo="},"chainType":2,"messageKeys":{}},"BR9uyXRpK3O1Xx+qv4DuouN6yMfeiUcPy0WwIXz1UxEo":{"chainKey":{"counter":-1,"key":"3QROv5RCaSkI4CJ1aKJpaR5yW84W+wj8EeSgsGN2a/c="},"chainType":1,"messageKeys":{}}}}},"version":"v1"}