{"_sessions":{"BcpNWwTfGaM7LfkHKN0MrnGYeHshUyyCSxukQSTeUe8O":{"registrationId":1170940265,"currentRatchet":{"ephemeralKeyPair":{"pubKey":"BV45H2KkS7lbfdzIxi1clFIYuisXaxzZY2xJFvIK1AgF","privKey":"uJ/FxIY1AILJ2/CwaxN1aHpA92qvsVdkj4ZvzO7wWVI="},"lastRemoteEphemeralKey":"BcZGHG1usUqLV5feav3x/QreCoefA58FTprRNkutmyZ2","previousCounter":0,"rootKey":"kebuZYX5LH1TS1R8yhuiKSXEHiUunSX0dPCVkJ4HI4E="},"indexInfo":{"baseKey":"BcpNWwTfGaM7LfkHKN0MrnGYeHshUyyCSxukQSTeUe8O","baseKeyType":2,"closed":-1,"used":1751179764694,"created":1751179764694,"remoteIdentityKey":"BSaGEY7Xj53e/+F2FOOZYT8DlMiDPGlHp/tOn71auAN4"},"_chains":{"BcZGHG1usUqLV5feav3x/QreCoefA58FTprRNkutmyZ2":{"chainKey":{"counter":0,"key":"KUPiLUmSJpxdnqZJjLIPVWjf8Lc0lfR9sdeioHfchI4="},"chainType":2,"messageKeys":{}},"BV45H2KkS7lbfdzIxi1clFIYuisXaxzZY2xJFvIK1AgF":{"chainKey":{"counter":-1,"key":"iTx3U2D1YtbKCFIrWLrFmCa6Q7sP/yO2QzmRTNlFy2g="},"chainType":1,"messageKeys":{}}}}},"version":"v1"}