{"_sessions":{"Bf1jeURL8VwiIYvkAQiRGV0/7gfw5QOnEiIC/rzIVDEk":{"registrationId":1300020961,"currentRatchet":{"ephemeralKeyPair":{"pubKey":"BWck9lhf/sRTVtOWuZWu7RtuyVgtg9cc1KTN/EoBPWZJ","privKey":"iJJTWwHUQeP0oMIoJwmzE+Z8o7wdr8TzpDtebCmsvWQ="},"lastRemoteEphemeralKey":"Bfly1OPqGGvRJ2NavfrrUCCmpWcQUqPW5ezdRCWzBdQ0","previousCounter":0,"rootKey":"+XYpmVPLn+I03O3P+aeXxD22uXb8ls0fkox0SgNLPqY="},"indexInfo":{"baseKey":"Bf1jeURL8VwiIYvkAQiRGV0/7gfw5QOnEiIC/rzIVDEk","baseKeyType":2,"closed":-1,"used":1751267886226,"created":1751267886226,"remoteIdentityKey":"Bbd5kkjTeaior9R3+HLFn+m9CRecS7u3VDotk0WpJHsK"},"_chains":{"Bfly1OPqGGvRJ2NavfrrUCCmpWcQUqPW5ezdRCWzBdQ0":{"chainKey":{"counter":3,"key":"u0tcXjmzFPe7EYcBkDKR62D6KJEvZmCGjLIwCsxfHWM="},"chainType":2,"messageKeys":{}},"BWck9lhf/sRTVtOWuZWu7RtuyVgtg9cc1KTN/EoBPWZJ":{"chainKey":{"counter":-1,"key":"4FmoU9dbiY4vIDGMgeSTRHpUVuSlUz6+FM03k4eWMn4="},"chainType":1,"messageKeys":{}}}}},"version":"v1"}