{"_sessions":{"BRDuPs5QhqB7sQjihdPFQdWO0srZa5HxK4bhKHwlWeFC":{"registrationId":1266180761,"currentRatchet":{"ephemeralKeyPair":{"pubKey":"BbjQBzo3ZiO5p/S06sRbS9OA5bjsA42uwniNR4sdgtAX","privKey":"wCGXHJOYErDUxPhmoc8qb9VGLtHOpxgU6yCkcyNySWg="},"lastRemoteEphemeralKey":"BQzlaQ7cWhi3wsEnNF/r1/s5bFlP/Ed1kTvwzF59b8MY","previousCounter":0,"rootKey":"b2OuomBzbkxfti5IAV+hal382y/gBoMHhRQ4TYrRUCs="},"indexInfo":{"baseKey":"BRDuPs5QhqB7sQjihdPFQdWO0srZa5HxK4bhKHwlWeFC","baseKeyType":2,"closed":-1,"used":1751291219335,"created":1751291219335,"remoteIdentityKey":"BWwZZ48mzs5Ox+iatkCj/7KfdX5kQU0sj89mcLnbq4AM"},"_chains":{"BQzlaQ7cWhi3wsEnNF/r1/s5bFlP/Ed1kTvwzF59b8MY":{"chainKey":{"counter":0,"key":"miKDG6+HaYZYQFn6IruP6uzlk9erh8g4TcubADu/4Ks="},"chainType":2,"messageKeys":{}},"BbjQBzo3ZiO5p/S06sRbS9OA5bjsA42uwniNR4sdgtAX":{"chainKey":{"counter":-1,"key":"DU1zXCfb3yaSIygauH0Jjkx+P06nAFngVofV8IJNM4E="},"chainType":1,"messageKeys":{}}}}},"version":"v1"}