{"_sessions":{"BSXbq5k9fj1junlAbKhJdRz3B051+Zjdq0XMd0oicDJh":{"registrationId":250213377,"currentRatchet":{"ephemeralKeyPair":{"pubKey":"Baxt754Ob0N4ZmPukfpSQDNGysjMZsrQGhtL7txYWyx/","privKey":"oKUVJ7jqSEiXFf0zYoRMW0yjoTKOZCJo1CAzjsuhOXI="},"lastRemoteEphemeralKey":"BQe3xLJ3XLsMemnst+QNpqrDbtU6OoAysbq2KhgrK+An","previousCounter":0,"rootKey":"RS4V4vvEI45PGm8vqdyLhztPlU5b08u8arTKfn5vlgU="},"indexInfo":{"baseKey":"BSXbq5k9fj1junlAbKhJdRz3B051+Zjdq0XMd0oicDJh","baseKeyType":2,"closed":-1,"used":1751289510923,"created":1751289510923,"remoteIdentityKey":"BaUObHWgxT3FgHow9t7vXr1PdV9xPsiZzwgwuJ6aIi8s"},"_chains":{"BQe3xLJ3XLsMemnst+QNpqrDbtU6OoAysbq2KhgrK+An":{"chainKey":{"counter":0,"key":"fxKCK7A0dtq5eMfl1AcSZ21YL4aSRXbGbLfvUulJDTg="},"chainType":2,"messageKeys":{}},"Baxt754Ob0N4ZmPukfpSQDNGysjMZsrQGhtL7txYWyx/":{"chainKey":{"counter":-1,"key":"mhVbhFENH++LoumkLQCPJp1DD5am/62OdBSzrX1yYjI="},"chainType":1,"messageKeys":{}}}}},"version":"v1"}