{"_sessions":{"BYyh+H5Uh066Aap/WgV/GdcPh1O5+ACPMwN8cGxWbiUi":{"registrationId":542683002,"currentRatchet":{"ephemeralKeyPair":{"pubKey":"BUyh7fJgWzbg54adfctxesWvxxkRc3qOiGaDRTipifEH","privKey":"GGCQ3EgblvmKp74482qh2eNrvxKBe9KliUm4+GjvXUg="},"lastRemoteEphemeralKey":"BT4nknuOUcUUftdVx3lv5wDs3Mulvsnke4zUWnvWxMU9","previousCounter":0,"rootKey":"2tEVevJYNzMQzmSz+CCqA/CZT0EDCg1qZwGqr54yorw="},"indexInfo":{"baseKey":"BYyh+H5Uh066Aap/WgV/GdcPh1O5+ACPMwN8cGxWbiUi","baseKeyType":2,"closed":-1,"used":1751196597318,"created":1751196597318,"remoteIdentityKey":"Barg2gfJtBTPE12GgLq/3wONBaNaWlfBkUTcUrJ4sUVO"},"_chains":{"BT4nknuOUcUUftdVx3lv5wDs3Mulvsnke4zUWnvWxMU9":{"chainKey":{"counter":0,"key":"vhFiyixhDJN0Y1aYtYSLDsnUxpPNV5WzIFsj9Z4C13s="},"chainType":2,"messageKeys":{}},"BUyh7fJgWzbg54adfctxesWvxxkRc3qOiGaDRTipifEH":{"chainKey":{"counter":-1,"key":"GdKb+Gt/wbw97R+cqTji9s1B4scNlNFsgg7d5m2LUvI="},"chainType":1,"messageKeys":{}}}}},"version":"v1"}