{"_sessions":{"BUyhRuffbZnJFi5NBQbMsRGtdFzc42DXZg4FY/xYMg4q":{"registrationId":170255882,"currentRatchet":{"ephemeralKeyPair":{"pubKey":"BdWSBIStTp+c759kZgeJMuNEDuT6h+7nqxGDT/z2JnJi","privKey":"8NtAucTeZPzVdp9jjbp9YbIlbIC7TaTFgBpAVxevInQ="},"lastRemoteEphemeralKey":"BdYfjCHpiOleUx/RleWlctQXxcdDYCqqsqUW7fcQpjYE","previousCounter":0,"rootKey":"M+jqorZId2TX8ZF6r3RylgYITmCvAvNtSX9xrM3ajVk="},"indexInfo":{"baseKey":"BUyhRuffbZnJFi5NBQbMsRGtdFzc42DXZg4FY/xYMg4q","baseKeyType":2,"closed":-1,"used":1751181176814,"created":1751181176814,"remoteIdentityKey":"BTZZADKEmPaI2GclGP0bElubP196J4jGuJfco+RAmSsL"},"_chains":{"BdYfjCHpiOleUx/RleWlctQXxcdDYCqqsqUW7fcQpjYE":{"chainKey":{"counter":3,"key":"/BSWyJG3T6SqzgNlvpb+9VwXvatOwe5g7xOEq9KOIeI="},"chainType":2,"messageKeys":{}},"BdWSBIStTp+c759kZgeJMuNEDuT6h+7nqxGDT/z2JnJi":{"chainKey":{"counter":-1,"key":"KamFUMp541h0kRuD1wQlXrJjX4N86TeJhudTRoWHrjM="},"chainType":1,"messageKeys":{}}}}},"version":"v1"}