{"_sessions":{"BbCq6qoPvIu1YULkV3TdzyNde8M7z9RMbQugF41TtcQg":{"registrationId":1777526227,"currentRatchet":{"ephemeralKeyPair":{"pubKey":"BYi6bwFZEqT3SXpECIHWEZV0aaXxorlJZnC5ICq9HI5K","privKey":"kM2AkiYFa/2S4cHYxVfekvFdiOnZkB8NVegzMGfExko="},"lastRemoteEphemeralKey":"BZ7sUiAXSi/03fHB7q1ExKoUHoTPEdISLvJ8Nx635f8x","previousCounter":0,"rootKey":"aemY0J5qErsWO66ZFWl/dzdVetLXoZ3kOHuu8wpDprw="},"indexInfo":{"baseKey":"BbCq6qoPvIu1YULkV3TdzyNde8M7z9RMbQugF41TtcQg","baseKeyType":2,"closed":-1,"used":1751337578931,"created":1751337578931,"remoteIdentityKey":"BVU3Bw8nuuf9lwcWZp/yJ/gcDw+r4BVMi3ZQfbPeoOMH"},"_chains":{"BZ7sUiAXSi/03fHB7q1ExKoUHoTPEdISLvJ8Nx635f8x":{"chainKey":{"counter":0,"key":"uGMJtF6SqyLHvex1JINpHbZPuTZ4X+U4tYUjH1FxPMg="},"chainType":2,"messageKeys":{}},"BYi6bwFZEqT3SXpECIHWEZV0aaXxorlJZnC5ICq9HI5K":{"chainKey":{"counter":-1,"key":"ZMNXsu8DoURapyxsmj8hz0yiJBSZqotCPCUnbo3ggm4="},"chainType":1,"messageKeys":{}}}}},"version":"v1"}