{"_sessions":{"BeJamcgvO+x9/7shosuv2xu7ryQQRepA+MJnvZ7OTolQ":{"registrationId":101514459,"currentRatchet":{"ephemeralKeyPair":{"pubKey":"BUOgNSnM3VmrxQxNdlx8tsd274RnOl/gUVDK5vDS67BJ","privKey":"YCvO/XNO5eY5fgS5oEXJmAf+tB7wwQVJ2dBYkKM/CUA="},"lastRemoteEphemeralKey":"Be2PDxH28LyjtbgS2gOVu+WQoezSUQltFH2nQrJab8k+","previousCounter":0,"rootKey":"C/TeB/DnjT2Eq3V8IoSu/tUzBIzs/Ly+kDg9Ed8Vi3s="},"indexInfo":{"baseKey":"BeJamcgvO+x9/7shosuv2xu7ryQQRepA+MJnvZ7OTolQ","baseKeyType":2,"closed":-1,"used":1751109498224,"created":1751109498224,"remoteIdentityKey":"Bbi6LLaQbRpyVFYC01ZLRXr/03GjREo4lVnWx2optZoK"},"_chains":{"Be2PDxH28LyjtbgS2gOVu+WQoezSUQltFH2nQrJab8k+":{"chainKey":{"counter":9,"key":"XWwfP8mxYiUSYcKrIzFNx3l55L7+T3FMurXy4wnQV5Y="},"chainType":2,"messageKeys":{"0":"FMGBbSZEX77av5eTGg+PjAazKtw7MfT8+ZxBMI/16JM="}},"BUOgNSnM3VmrxQxNdlx8tsd274RnOl/gUVDK5vDS67BJ":{"chainKey":{"counter":-1,"key":"NAOwVLx+dNPQvmpIUwS5mRikT/2l/ZQGmmHpcTGG7II="},"chainType":1,"messageKeys":{}}}}},"version":"v1"}