{"_sessions":{"BbOOpo/eoyWWu5DNgsnha0Ahbd2POCryRQVVVgZkZ79N":{"registrationId":1328141451,"currentRatchet":{"ephemeralKeyPair":{"pubKey":"BUAwdk67o2ypMZLEadmHklowNR3rkeGQsXJ4ZesfaIZX","privKey":"EALDSPIJq0R7iqnriBAe8GIhS5YHLJ8F6Jc21wa+T3c="},"lastRemoteEphemeralKey":"BcgrvOi5Ou2gli9yzSF20hCyTaunju17ny9Bdbprt0g+","previousCounter":0,"rootKey":"9VR3Zboy9uhPE9BKSBWXgmyXHResfTzUOxgviY1zDNE="},"indexInfo":{"baseKey":"BbOOpo/eoyWWu5DNgsnha0Ahbd2POCryRQVVVgZkZ79N","baseKeyType":2,"closed":-1,"used":1751179763560,"created":1751179763560,"remoteIdentityKey":"BSmu1aylTRrg5ODok3u8DoZoDquYoOT5b5bC2zzW2L0g"},"_chains":{"BcgrvOi5Ou2gli9yzSF20hCyTaunju17ny9Bdbprt0g+":{"chainKey":{"counter":1,"key":"Er4dwqVA6jmHAO6bAcaJCjgv9pJqPBw3+abj9pPZOFY="},"chainType":2,"messageKeys":{}},"BUAwdk67o2ypMZLEadmHklowNR3rkeGQsXJ4ZesfaIZX":{"chainKey":{"counter":-1,"key":"r4N6PM1sNikNB33Yxd9F68JgBWvnpo1xI0BZR++NBfc="},"chainType":1,"messageKeys":{}}}}},"version":"v1"}