{"_sessions":{"BdNaLAvGYB2ZBBbvEd/pQgoEwq/OXlxX0m61EJB/Fydd":{"registrationId":1572887494,"currentRatchet":{"ephemeralKeyPair":{"pubKey":"BTLNdlJLHdAIty0o10s0UB3Sni8m26tDDwM17hxhVBRA","privKey":"aImRWuLYTk3eZCD/35ZseIjL7UbO37b7q03g1e2sJmY="},"lastRemoteEphemeralKey":"BVJxszovimTcq33U6s/dnZpklxMKAu+pLB6p+bjjaLZ6","previousCounter":0,"rootKey":"3r1KQ9RJAMcPFoO+Y913PD8Ycx89leDHKXj3kJFE5GQ="},"indexInfo":{"baseKey":"BdNaLAvGYB2ZBBbvEd/pQgoEwq/OXlxX0m61EJB/Fydd","baseKeyType":2,"closed":-1,"used":1751119278473,"created":1751119278473,"remoteIdentityKey":"BSyXjNm3iMnlB8K3VkZXShONLTjugD3+CUiqVcWaE4da"},"_chains":{"BVJxszovimTcq33U6s/dnZpklxMKAu+pLB6p+bjjaLZ6":{"chainKey":{"counter":1,"key":"EwITuDBkKbPPhxS7Tg1aJXcWQW5M+sCgw5h9Q8HCOCA="},"chainType":2,"messageKeys":{}},"BTLNdlJLHdAIty0o10s0UB3Sni8m26tDDwM17hxhVBRA":{"chainKey":{"counter":-1,"key":"j7+3PtnpWjS5ctVrNyD8pM0fF9Ik0WMy4a5u5BS9xrU="},"chainType":1,"messageKeys":{}}}}},"version":"v1"}