{"_sessions":{"BWtscdJWqZET9Q8eCM4nXYWNUnSs71jsCPkvYGkpSRFp":{"registrationId":4712,"currentRatchet":{"ephemeralKeyPair":{"pubKey":"BdNZJphiT2qWUEwoKYuhF0di2n7HlXv8BNsUrIafObUe","privKey":"yPDwq3VPODXF0aOzhHqL+pcFsZTZBlAMzUwN7EHPpFw="},"lastRemoteEphemeralKey":"BRzzSW0EQNoJXC0RJDX4ppOxl0SH/YAvVzEJmH4w0JEq","previousCounter":0,"rootKey":"XAUaiPEcPeL0+YQyCB44HB3bfQs3lW6tlnZQR16CKXA="},"indexInfo":{"baseKey":"BWtscdJWqZET9Q8eCM4nXYWNUnSs71jsCPkvYGkpSRFp","baseKeyType":2,"closed":-1,"used":1751430604189,"created":1751430604189,"remoteIdentityKey":"Bf6OB4MOdw7uTJfVvcuLg8hzDsOPyTSbJI2Yw8E8NjYO"},"_chains":{"BRzzSW0EQNoJXC0RJDX4ppOxl0SH/YAvVzEJmH4w0JEq":{"chainKey":{"counter":1,"key":"XIV3jobZuIZNB1z4sqM9GsYs9bYKvF0hc3taVJkH8yM="},"chainType":2,"messageKeys":{}},"BdNZJphiT2qWUEwoKYuhF0di2n7HlXv8BNsUrIafObUe":{"chainKey":{"counter":-1,"key":"4V3pvhxd2t55evnGu8jPJtg0eSOpPVb5cvDdNPp+7wg="},"chainType":1,"messageKeys":{}}}}},"version":"v1"}