{"_sessions":{"BZMtRQ5VmiNc0rXEYaCc53MHTBESuq7CI8A8E9NtYr1N":{"registrationId":343582067,"currentRatchet":{"ephemeralKeyPair":{"pubKey":"BRzKpHOMj9MVayD7tC3/r6UDOlw6/mcNBQ39/F/n6K4p","privKey":"4GbyFww0y11z4VAT6CyZyTlwK40+1ATWYEt9TlCkoEc="},"lastRemoteEphemeralKey":"BRvZwICjv8T7/ROU1PvFnUj8uTa8lGAwRIJT3tRXmwop","previousCounter":0,"rootKey":"hZ2D5jjGQCmXZVRP6elSD9uPyMO4gCBuJZ3pxkJC1Xc="},"indexInfo":{"baseKey":"BZMtRQ5VmiNc0rXEYaCc53MHTBESuq7CI8A8E9NtYr1N","baseKeyType":2,"closed":-1,"used":1751274645750,"created":1751274645750,"remoteIdentityKey":"Ba2smaxJsAzqdp7CY1GozTbFp6sv92Mr52AjXF13wzpr"},"_chains":{"BRvZwICjv8T7/ROU1PvFnUj8uTa8lGAwRIJT3tRXmwop":{"chainKey":{"counter":0,"key":"kPBIgoXPdANOp6MKfN2DH9hLPZX3ENrs2kiyC3zFIFw="},"chainType":2,"messageKeys":{}},"BRzKpHOMj9MVayD7tC3/r6UDOlw6/mcNBQ39/F/n6K4p":{"chainKey":{"counter":-1,"key":"BgE/8s6GsEWCmt0IZtdTf72x+45uXt64Kxn8YRfE7WY="},"chainType":1,"messageKeys":{}}}}},"version":"v1"}