{"_sessions":{"BS8rPoGTg9QCehyVi807MSO66txczL3bh/8rTCoBKO4L":{"registrationId":1132432155,"currentRatchet":{"ephemeralKeyPair":{"pubKey":"BRx25IJ3l5RWT7zWZ7TS2gN9GyvnP9K6IJOzUOWlExIR","privKey":"mDsPFt9PHh4QVq3jzt6TRMyOvu2kS0Pa/vWqhkLjylU="},"lastRemoteEphemeralKey":"BVOG/RWZyXAjvvwHbD0wgRpn2umv6bEH58kQJOmapWpa","previousCounter":0,"rootKey":"50+zpwL+g6FMoRCJOa7EaUKKqDztGX+DdYjisfXqoKI="},"indexInfo":{"baseKey":"BS8rPoGTg9QCehyVi807MSO66txczL3bh/8rTCoBKO4L","baseKeyType":2,"closed":-1,"used":1751286322697,"created":1751286322697,"remoteIdentityKey":"BcwLv+XmrQ7sKzPPgCCt5vzX1FanqilzIMvTeZZxgdZR"},"_chains":{"BVOG/RWZyXAjvvwHbD0wgRpn2umv6bEH58kQJOmapWpa":{"chainKey":{"counter":2,"key":"GfVwXawbdv0xXwze4HEfxIKUSh0L78xC1a5KbP+RkjY="},"chainType":2,"messageKeys":{"0":"wwweag+GaB/9XvqC6OXvn2cTDX8UDvB9MMSm0U897bM="}},"BRx25IJ3l5RWT7zWZ7TS2gN9GyvnP9K6IJOzUOWlExIR":{"chainKey":{"counter":-1,"key":"M9LRqJnKwS6n3i442An4cFY456byok6jPHsZtPPqK9M="},"chainType":1,"messageKeys":{}}}}},"version":"v1"}