{"_sessions":{"BVgyxSGmC2/9bS7PxYo68TEI7JdXvKc7mBKr+khdUhJE":{"registrationId":348690360,"currentRatchet":{"ephemeralKeyPair":{"pubKey":"BblUkBkGy+IlK4XEYcNfsrBIJt51pLcg6Vrq1+un7V8W","privKey":"yEsMB8db/nT+4XzHy6ZGGSkOqa9vufjQl1PfXTOZiEM="},"lastRemoteEphemeralKey":"BRRtnEVLDO93RKoz4kbaBA/CIAzDbFNR9pQbCuJowENg","previousCounter":0,"rootKey":"9DUC0aLFe2c32yNT+djMzROC7sSvPBvT3fc9JsOl3i0="},"indexInfo":{"baseKey":"BVgyxSGmC2/9bS7PxYo68TEI7JdXvKc7mBKr+khdUhJE","baseKeyType":2,"closed":-1,"used":1751179764701,"created":1751179764701,"remoteIdentityKey":"BVa9iw2hEilfjoZH4gB4LTJ1uXej17G4xiWEKZsd725T"},"_chains":{"BRRtnEVLDO93RKoz4kbaBA/CIAzDbFNR9pQbCuJowENg":{"chainKey":{"counter":8,"key":"LuVR8DmlbQS9udl2JQ0RgjZo8bpFLvE00nmeGnQG1BE="},"chainType":2,"messageKeys":{}},"BblUkBkGy+IlK4XEYcNfsrBIJt51pLcg6Vrq1+un7V8W":{"chainKey":{"counter":-1,"key":"4Zj/YCGf92vmc6V8SojarMF9udGyDa/kXixsznzimrQ="},"chainType":1,"messageKeys":{}}}}},"version":"v1"}