{"_sessions":{"BYP1oX1RDQqX8VRymMc7vAbYo9+jbS0bPUvtWYh1ED1/":{"registrationId":1064725668,"currentRatchet":{"ephemeralKeyPair":{"pubKey":"BcKpX9QOgIGoQ03yJOz9diQB8DfeAjHOY+PnQGo3ejEl","privKey":"qBsHU8JH84nVDyoMd71IWKPTaFeQEmqR1rutDD6n6mA="},"lastRemoteEphemeralKey":"BWEBTauCNuL3ZYfkOk2QMmWOXb0MhfK1BCxeyM/WDbpy","previousCounter":0,"rootKey":"un2jEM/o/rmkRrrMdHROpaygZWlbeJ5efOlyXGiewOI="},"indexInfo":{"baseKey":"BYP1oX1RDQqX8VRymMc7vAbYo9+jbS0bPUvtWYh1ED1/","baseKeyType":2,"closed":-1,"used":1751179763573,"created":1751179763573,"remoteIdentityKey":"BUbSEwvVV1HXavc+gd16R6sGmEoCWWQQQva4qDLWuptr"},"_chains":{"BWEBTauCNuL3ZYfkOk2QMmWOXb0MhfK1BCxeyM/WDbpy":{"chainKey":{"counter":0,"key":"R1uSXiNdl54Igcy+kDqAYTqgXi02TSXHI1tbTCrHKcI="},"chainType":2,"messageKeys":{}},"BcKpX9QOgIGoQ03yJOz9diQB8DfeAjHOY+PnQGo3ejEl":{"chainKey":{"counter":-1,"key":"7ECf1yf2HgEV+5zaNvEakQSk1tGBRABLPUd4ht3OfjY="},"chainType":1,"messageKeys":{}}}}},"version":"v1"}