{"_sessions":{"BewcentM2XJgSjm5p6Hn3+SjJAAmKpdiIQCyu62gFdoL":{"registrationId":199801103,"currentRatchet":{"ephemeralKeyPair":{"pubKey":"BRDf7gHJUNqlE40CwgIzvVzv+ADy4A9X/UO6BewACoYF","privKey":"KAyShDyKxM5HQLxoBcyrWOudyZkBxgesTIXjUiyhzW4="},"lastRemoteEphemeralKey":"BdiiXjYXEd7b9V17QvRmhQL6TjG/KGRqpwLcQTca6Lkt","previousCounter":0,"rootKey":"+2B3cI7oHxsJY4TZOh08HLDKxOe3W6aOXnr4isgRfLM="},"indexInfo":{"baseKey":"BewcentM2XJgSjm5p6Hn3+SjJAAmKpdiIQCyu62gFdoL","baseKeyType":2,"closed":-1,"used":1751430594149,"created":1751430594149,"remoteIdentityKey":"BWYD/izNI145uV85I5nvLaNdNWhP+uDukOI2nzGBYARd"},"_chains":{"BdiiXjYXEd7b9V17QvRmhQL6TjG/KGRqpwLcQTca6Lkt":{"chainKey":{"counter":0,"key":"81lj1dni9mluovQXn+6iC8NDC0Z3hgdLv9D6mesCjc4="},"chainType":2,"messageKeys":{}},"BRDf7gHJUNqlE40CwgIzvVzv+ADy4A9X/UO6BewACoYF":{"chainKey":{"counter":-1,"key":"sdAmEf2/8nLfEvcKDRtL+H3MFYGxleVIBqQz2zxLEPc="},"chainType":1,"messageKeys":{}}}}},"version":"v1"}