{"_sessions":{"BRhaBBlNOa7iVpvlMOE2KGzEWyS5nvS7U8ZnlDRtHJM/":{"registrationId":637755144,"currentRatchet":{"ephemeralKeyPair":{"pubKey":"BbTxHUA9Ml+oogERE/CW3Kmwr35nzK6uEpemkCtgdBZK","privKey":"cNNon09prMsqqyjLTwFaOxFLeBO+tMkoyK6RPjCFUVE="},"lastRemoteEphemeralKey":"BaVi5y738Iht+fY/M1s1UncQelhDcW8SkSKS5gAO2T9F","previousCounter":0,"rootKey":"2sOxVpscMra1uz4w6fMcjUT8znsn0vhNq2Q8SoVT6Ag="},"indexInfo":{"baseKey":"BRhaBBlNOa7iVpvlMOE2KGzEWyS5nvS7U8ZnlDRtHJM/","baseKeyType":2,"closed":-1,"used":1751184090521,"created":1751184090521,"remoteIdentityKey":"BTEU7vunOp/NFeELp5DHBkbo4bY1AprJSTBu+5QZGBZK"},"_chains":{"BaVi5y738Iht+fY/M1s1UncQelhDcW8SkSKS5gAO2T9F":{"chainKey":{"counter":7,"key":"QYYeMEdGglDJJsEGjn0DXDxW7fWygGGALUitpGIB1A8="},"chainType":2,"messageKeys":{}},"BbTxHUA9Ml+oogERE/CW3Kmwr35nzK6uEpemkCtgdBZK":{"chainKey":{"counter":-1,"key":"LzJKVA0FOJ0HrVmtZ2iAaZ6UXKeJ3lV3MzHH1W7NQ6Q="},"chainType":1,"messageKeys":{}}}}},"version":"v1"}