{"_sessions":{"BZDS8DoarTJiD3+6e9JbiQjA19vf6gOF2wV7w1W6b3RH":{"registrationId":244368485,"currentRatchet":{"ephemeralKeyPair":{"pubKey":"BfNSV832dkXVOvEiWt7g66nzef4zeqNMSyMCV7QHZU05","privKey":"aF8ZXBPebIoXKlAqZODb9T9ZltZSLsuigKw/sPA8akg="},"lastRemoteEphemeralKey":"BQwRvyGXq3JwjTnff29KETgF6cRGhQaJauNAsFQNF2UD","previousCounter":0,"rootKey":"07t+2yBfwSNWY9Yv+WNeznc4H8CdoA+lWU3CQh5iCjg="},"indexInfo":{"baseKey":"BZDS8DoarTJiD3+6e9JbiQjA19vf6gOF2wV7w1W6b3RH","baseKeyType":2,"closed":-1,"used":1751430609177,"created":1751430609177,"remoteIdentityKey":"BXrNsQCTGBGES36XWMEQ64wrKr34qBeekAwQ5nBQ6gMz"},"_chains":{"BQwRvyGXq3JwjTnff29KETgF6cRGhQaJauNAsFQNF2UD":{"chainKey":{"counter":1,"key":"ez42Mv7TIoGjHUrnnTJ5OUZH/s7JaasspxO0YS0Mea8="},"chainType":2,"messageKeys":{}},"BfNSV832dkXVOvEiWt7g66nzef4zeqNMSyMCV7QHZU05":{"chainKey":{"counter":-1,"key":"4Z3wqppLQUswXR3yqni1FksUCnlC9O9rKHp3g2w5aY0="},"chainType":1,"messageKeys":{}}}}},"version":"v1"}