{"_sessions":{"BRYctQvGzEXBskdkvc0EzBEDVc/lUIxT7G6G21NgCiMq":{"registrationId":1977984741,"currentRatchet":{"ephemeralKeyPair":{"pubKey":"BR6Ir3qFo1TGCknRVRI/YlX0fPhAzO+g32Lnk7YWUBQJ","privKey":"WK02eoH9giP0MO9KAny+KgeS+wBI57YWFZLO+v8h0EY="},"lastRemoteEphemeralKey":"BSnVwrZfcqY8kHWCKNbo+fASGWfF5YkzMniVqF1KHfsz","previousCounter":0,"rootKey":"NIJ8wcSscIRwt8yQaJ/xc2E9K2g1cPo2c7CBfYzMWHU="},"indexInfo":{"baseKey":"BRYctQvGzEXBskdkvc0EzBEDVc/lUIxT7G6G21NgCiMq","baseKeyType":2,"closed":-1,"used":1751267886264,"created":1751267886264,"remoteIdentityKey":"BbdF38HO+IVHy2x0iVj/luvqEBZLrMqJhgpZD2C0LLdJ"},"_chains":{"BSnVwrZfcqY8kHWCKNbo+fASGWfF5YkzMniVqF1KHfsz":{"chainKey":{"counter":0,"key":"2ZrVA1cptDIox2ABxPl7/PxlfUWAy6Kq3FCFvLZHUBw="},"chainType":2,"messageKeys":{}},"BR6Ir3qFo1TGCknRVRI/YlX0fPhAzO+g32Lnk7YWUBQJ":{"chainKey":{"counter":-1,"key":"FZWWp4/h+7DJGwQSvsRQwMntYx+vwMpIWxOYp9qMZV0="},"chainType":1,"messageKeys":{}}}}},"version":"v1"}