{"_sessions":{"BZhByQss/+d47iPM5+EX+bnz3J1eibR4hudb56yumooZ":{"registrationId":715234571,"currentRatchet":{"ephemeralKeyPair":{"pubKey":"BW40FzJdLnXPJ8gE/X1e5d8brfD4pDMAXSelyfndzZpf","privKey":"2It39amGw21C3mgjbYsd6GzK6oSXb8dogdScHxlVxkg="},"lastRemoteEphemeralKey":"BeKYbuVyAt4uhJw02QIspMMaSDUgUC9KJtvVuyh5NYwC","previousCounter":0,"rootKey":"g0ZeW9Pu3qcZunxcZzjtOS/5krMCxdAFwc64Lx7NJu0="},"indexInfo":{"baseKey":"BZhByQss/+d47iPM5+EX+bnz3J1eibR4hudb56yumooZ","baseKeyType":2,"closed":-1,"used":1751179767299,"created":1751179767299,"remoteIdentityKey":"Be7fMXj4Km1ug+MUY0gyidoms25NVNSxj2/O4ry2ZSVg"},"_chains":{"BeKYbuVyAt4uhJw02QIspMMaSDUgUC9KJtvVuyh5NYwC":{"chainKey":{"counter":1,"key":"p8Gl+EyWyb+9rF568eNKGMk4ywiJofQX33r5aNZxlMc="},"chainType":2,"messageKeys":{}},"BW40FzJdLnXPJ8gE/X1e5d8brfD4pDMAXSelyfndzZpf":{"chainKey":{"counter":-1,"key":"ZOGC/m9JXEys+ZD86GQN9843jtCv4jNmHim5nI8jMt4="},"chainType":1,"messageKeys":{}}}}},"version":"v1"}