{"_sessions":{"BTU7pCQWcczgLqfURLRDISBgda0A6xqbxaMSpUkMuDAk":{"registrationId":1459897610,"currentRatchet":{"ephemeralKeyPair":{"pubKey":"BTTfzeD03uuZCYo9tX9zhudF1dwOxP6QbLpyvGExW15d","privKey":"aCmK1ghe+AblOyPWVJW9XzWiq6uG34zPQl+rclvlEn4="},"lastRemoteEphemeralKey":"BZH0Xc9xuX2sFYHMETlH1eHVS1ca5WgfKr3IYl3r46pF","previousCounter":0,"rootKey":"so1xhtednovVSM3wBy9gPvR64BkcoZiu53wlZupxRIU="},"indexInfo":{"baseKey":"BTU7pCQWcczgLqfURLRDISBgda0A6xqbxaMSpUkMuDAk","baseKeyType":2,"closed":-1,"used":1751430604048,"created":1751430604048,"remoteIdentityKey":"BUkTQio6xSXJLRcXSnH9SiDOS79+/MmQcN0PiRsz+OB7"},"_chains":{"BZH0Xc9xuX2sFYHMETlH1eHVS1ca5WgfKr3IYl3r46pF":{"chainKey":{"counter":0,"key":"KAJlL4ErGxueNNm8YjiwVLqmMWkjUlDpVonaEVtz4CY="},"chainType":2,"messageKeys":{}},"BTTfzeD03uuZCYo9tX9zhudF1dwOxP6QbLpyvGExW15d":{"chainKey":{"counter":-1,"key":"mIIscgBPu6ksRyGgYRwnlN96Bloh9tK8q7IBzoz0Hm8="},"chainType":1,"messageKeys":{}}}}},"version":"v1"}