{"_sessions":{"BQ0olsF7cvgt3VhZa//EgSKyUiFtShDgZuijJIhfDgh5":{"registrationId":2092946381,"currentRatchet":{"ephemeralKeyPair":{"pubKey":"BS46oZ45soSU4yUEIxFDXAFs1IKQnpaLK0B1wW2/Vy4O","privKey":"8BM45PTeKDV+faci0AwZVZkbUo4R545ZLYhhSfZ/fko="},"lastRemoteEphemeralKey":"Bbv3hteg4v3p6pxb2Q0aD83l3E9EedVAH7Q2/Emm/8d9","previousCounter":0,"rootKey":"Ezj/UQWd8n83NW32t5Qp2Ju+l4V5asggMp4ZU2Ec9gI="},"indexInfo":{"baseKey":"BQ0olsF7cvgt3VhZa//EgSKyUiFtShDgZuijJIhfDgh5","baseKeyType":2,"closed":-1,"used":1751337578957,"created":1751337578957,"remoteIdentityKey":"BUvDup9t2zfpS45auogJWeMIQuiMdX57VCPDGNTfEQwG"},"_chains":{"Bbv3hteg4v3p6pxb2Q0aD83l3E9EedVAH7Q2/Emm/8d9":{"chainKey":{"counter":2,"key":"0xlLP9uiqSP98+srHqmZGfUEo2G4m+lUBhyufxfuuN0="},"chainType":2,"messageKeys":{}},"BS46oZ45soSU4yUEIxFDXAFs1IKQnpaLK0B1wW2/Vy4O":{"chainKey":{"counter":-1,"key":"ueFZPZT5GxoHTanI09lQv98TaQExE0hGp7u8m/55zvc="},"chainType":1,"messageKeys":{}}}}},"version":"v1"}