{"_sessions":{"BesJ3kOQJhrvhanti/Iak/9XUH3D7pJel2Zw2rUbk50U":{"registrationId":343250522,"currentRatchet":{"ephemeralKeyPair":{"pubKey":"Bct0T/qK95iz7cBoOGBrSCZKKXf7ryT3LDZAMa3MAWEf","privKey":"4DM+xJHzYgAdd7JAxmJMnUygJgnnELmHHd7+qehmYmM="},"lastRemoteEphemeralKey":"BRpM07oDTYTz5AYfiK/P2isYRk5xQkJgFq7/7mk5l2ZC","previousCounter":0,"rootKey":"GVNASyHH188vFukUid9Ya5QiSYak3EbzHoHhyrD2yK8="},"indexInfo":{"baseKey":"BesJ3kOQJhrvhanti/Iak/9XUH3D7pJel2Zw2rUbk50U","baseKeyType":2,"closed":-1,"used":1751430594115,"created":1751430594115,"remoteIdentityKey":"Bdjt+HWOh/m8mxnvbO2fXqNz5vzjWL9BfKzAtyU2GPlG"},"_chains":{"BRpM07oDTYTz5AYfiK/P2isYRk5xQkJgFq7/7mk5l2ZC":{"chainKey":{"counter":0,"key":"OjLxi53qRiC/rRvtTiWnfKWJPc7+47W+Ocw3KWl9DjA="},"chainType":2,"messageKeys":{}},"Bct0T/qK95iz7cBoOGBrSCZKKXf7ryT3LDZAMa3MAWEf":{"chainKey":{"counter":-1,"key":"r2aW0db2YjokYyE6+jXBk0GQClTSOHct5GsKsC5wQ4o="},"chainType":1,"messageKeys":{}}}}},"version":"v1"}