{"_sessions":{"BSTvXCVPqf9Pqh33crmuJkIGoJJJQZ2fcIQTsCVv5DJn":{"registrationId":1262697261,"currentRatchet":{"ephemeralKeyPair":{"pubKey":"BV54oMZxXOAbCC66HvZl+LYvuZY6rElt/QbN1r51yQVZ","privKey":"OJCjF2IX+ZbL/1ncTyius3PA/amP9gAsboIaQPstTW4="},"lastRemoteEphemeralKey":"BU6NQ7O1Dpn41oYLPO2P/ApCXLzfeRYnMyPCIQbNqH50","previousCounter":0,"rootKey":"CeVsIOFM2DYilorRHZY6FF0Sau96trisgwoFRlaIV5k="},"indexInfo":{"baseKey":"BSTvXCVPqf9Pqh33crmuJkIGoJJJQZ2fcIQTsCVv5DJn","baseKeyType":2,"closed":-1,"used":1751337578888,"created":1751337578888,"remoteIdentityKey":"Bb6BCCH3n9U+p2jjpFATEPW/BxDC5g6GWA32qizGaYBu"},"_chains":{"BU6NQ7O1Dpn41oYLPO2P/ApCXLzfeRYnMyPCIQbNqH50":{"chainKey":{"counter":0,"key":"Y0MnqX13qYPagHwdyb84zXcmlsZ47QIiZNR4X8G0UD4="},"chainType":2,"messageKeys":{}},"BV54oMZxXOAbCC66HvZl+LYvuZY6rElt/QbN1r51yQVZ":{"chainKey":{"counter":-1,"key":"rZHWwkJhu7Pv9cShG/2HeZWaDA6QDafjPd9As5N2v1k="},"chainType":1,"messageKeys":{}}}}},"version":"v1"}