{"_sessions":{"BY46LeMUGs74oDbZ0DZYUPck+XwoobI8vjRM0Ym2zIoi":{"registrationId":794467019,"currentRatchet":{"ephemeralKeyPair":{"pubKey":"BfGyWq4sAidtZPyT08WjZudia9l2iEXOTQhQ3GHm/IAB","privKey":"wIT35Ki7WfwBTL0x3jSbLVltJ3C7Wb8KXvO3JBzyeFI="},"lastRemoteEphemeralKey":"BaWlcvdPI4HnNkI4g56/LbvkNw4FUxQKxTTF/J78l0wR","previousCounter":0,"rootKey":"He9ZUL23695x4eFdIEpYJYPbgFZ5KJfikyGdn5X8yhc="},"indexInfo":{"baseKey":"BY46LeMUGs74oDbZ0DZYUPck+XwoobI8vjRM0Ym2zIoi","baseKeyType":2,"closed":-1,"used":1751179767842,"created":1751179767842,"remoteIdentityKey":"BaQIkuYZc7ol+6nW1PgahfTW2LkYSFd5v8zxFvOcxkBa"},"_chains":{"BaWlcvdPI4HnNkI4g56/LbvkNw4FUxQKxTTF/J78l0wR":{"chainKey":{"counter":0,"key":"rD+4AkNxnnJhfrFJ3Jw/SVD0sy5CaE2Ld2D5R0sXfl8="},"chainType":2,"messageKeys":{}},"BfGyWq4sAidtZPyT08WjZudia9l2iEXOTQhQ3GHm/IAB":{"chainKey":{"counter":-1,"key":"DCVo3IO78nVpbBaReKid8P9G+c2n/QyqEkGnSDiBkQQ="},"chainType":1,"messageKeys":{}}}}},"version":"v1"}