{"_sessions":{"BeHQAkhQw2lr8coa7ogAq/ck8FSbF2HPb3V3BklgqqNc":{"registrationId":1039695669,"currentRatchet":{"ephemeralKeyPair":{"pubKey":"BbmbzyOXRkClfAZ6Wa7IejMN36tIpstU/lUHPZlEdF1h","privKey":"qGgiew3iXQSL4nXrXnOvLJfX8PSMPFncwrDjPnOcrls="},"lastRemoteEphemeralKey":"BXs8tixKBEtc5ooVJADs95+KDPwXYa2VvfLdQsvRlm0n","previousCounter":0,"rootKey":"r8SKzKCr8hUjUlLWtLuBZRQx2I6WR2tlG3N0DVq8nOw="},"indexInfo":{"baseKey":"BeHQAkhQw2lr8coa7ogAq/ck8FSbF2HPb3V3BklgqqNc","baseKeyType":2,"closed":-1,"used":1751179761452,"created":1751179761452,"remoteIdentityKey":"BeK7kiO0tc2rEA0CVgFz2RY1ESKsW3q3ksqzkboe9o5O"},"_chains":{"BXs8tixKBEtc5ooVJADs95+KDPwXYa2VvfLdQsvRlm0n":{"chainKey":{"counter":11,"key":"hqd2GvdiTB2CFiTgM9DThV88k15g2HJejsoSg1JHpXk="},"chainType":2,"messageKeys":{"3":"pAmX+bG6SEeJfHbIk8cJdIU56KLOyWK363udBsdYlfY="}},"BbmbzyOXRkClfAZ6Wa7IejMN36tIpstU/lUHPZlEdF1h":{"chainKey":{"counter":-1,"key":"kaizY4ZmxrJssOv/ekilvKS4V6sf2RmQDYuksVNjTAk="},"chainType":1,"messageKeys":{}}}}},"version":"v1"}