{"_sessions":{"BVfMXbjjQlKbYoWbat02Gvj/IwE2u7lneUyQXoWQQ29m":{"registrationId":1010639883,"currentRatchet":{"ephemeralKeyPair":{"pubKey":"Bca0X1+g38J7G92neTgxHChAdEKz29oRMBnzsc2VIOsz","privKey":"OHDACMtr6fcO8MhFxmOssHmrwHoJNl1c8PECTTQitFQ="},"lastRemoteEphemeralKey":"BUn47RVyE/9FgeFu6LztkaqR62Dy7jiRzdBcINurUv9n","previousCounter":0,"rootKey":"46zIHuI8mFF7Z6zvhrl1bBe1dM2yk2lBd2aNzdfOGtQ="},"indexInfo":{"baseKey":"BVfMXbjjQlKbYoWbat02Gvj/IwE2u7lneUyQXoWQQ29m","baseKeyType":2,"closed":-1,"used":1751248279369,"created":1751248279369,"remoteIdentityKey":"Bd6cCNN6uUEqg9/5k9j4MHJ9z2isAuwe5/733ETEHVcP"},"_chains":{"BUn47RVyE/9FgeFu6LztkaqR62Dy7jiRzdBcINurUv9n":{"chainKey":{"counter":4,"key":"iy72lI1s+aSfYuhs199u4WPKiUcktZhoDU3RLZf0lMU="},"chainType":2,"messageKeys":{}},"Bca0X1+g38J7G92neTgxHChAdEKz29oRMBnzsc2VIOsz":{"chainKey":{"counter":-1,"key":"vyk9vE5/x3HRwLMphjI0T/K11XH8x8XgBvvQNb+Nyls="},"chainType":1,"messageKeys":{}}}}},"version":"v1"}