{"_sessions":{"BRV1+yz0Vdxbpc4/dr/Sdy3517u8Qg5MFf1BQunXiEYY":{"registrationId":1212900810,"currentRatchet":{"ephemeralKeyPair":{"pubKey":"BZl5/aJ5NngjTOg6smF6L2HJduU8mW5a/un7p2RTgnRj","privKey":"WKSNfMhCfs17uUnEntZdMCkI4NzWHk+zAWQybvWebmw="},"lastRemoteEphemeralKey":"BaldcaC+HgCvN5JfwXgDO/M4qjJyL6OUSG5yz42IRtgy","previousCounter":0,"rootKey":"2egAFOqCBCIcmPIg7rx7qdzd+9dh6DNdqEOdMK13Enw="},"indexInfo":{"baseKey":"BRV1+yz0Vdxbpc4/dr/Sdy3517u8Qg5MFf1BQunXiEYY","baseKeyType":2,"closed":-1,"used":1751337578898,"created":1751337578898,"remoteIdentityKey":"BVy/mXPgwqjLzvGDQoB5jUiBPDYKaRVWL+sLbJqe2bYo"},"_chains":{"BaldcaC+HgCvN5JfwXgDO/M4qjJyL6OUSG5yz42IRtgy":{"chainKey":{"counter":0,"key":"bzrdwg2YjMjl64UgUaDOPXV/fOXHZZKZFLPLpGFnBpw="},"chainType":2,"messageKeys":{}},"BZl5/aJ5NngjTOg6smF6L2HJduU8mW5a/un7p2RTgnRj":{"chainKey":{"counter":-1,"key":"2IT34Bdk2FRIUfKWATsdIGxzhfIWDBoqINf6FkO36Zw="},"chainType":1,"messageKeys":{}}}}},"version":"v1"}