{"_sessions":{"BSBQQiaC67VE+t+4JfbE8Ybdaese7s8RkfbLkgD+k/R+":{"registrationId":1914335989,"currentRatchet":{"ephemeralKeyPair":{"pubKey":"Bby04SDxiiL+xoynXZlhy/dxlK0g1aDxORR+70Unn6Y7","privKey":"6A+pmxj/fbwRqehsoPOwyrUEMCGvOwrd0G0Jseve0W8="},"lastRemoteEphemeralKey":"BQmKUi+6sorH9riMd3ixdsPpgsidLOX17GvuL6EmzS1G","previousCounter":0,"rootKey":"BMIUfb9exnu/e+HA3O98WYJDQmR+WHuleidnv+RwqpU="},"indexInfo":{"baseKey":"BSBQQiaC67VE+t+4JfbE8Ybdaese7s8RkfbLkgD+k/R+","baseKeyType":2,"closed":-1,"used":1751430605397,"created":1751430605397,"remoteIdentityKey":"BRU6E4CqDLWJOjegb/5O2XjdITVS7jPPHlag6AZab+Za"},"_chains":{"BQmKUi+6sorH9riMd3ixdsPpgsidLOX17GvuL6EmzS1G":{"chainKey":{"counter":0,"key":"Oo84OOoNhQfQu9Np/QT1WNPDNhMBS8EbGbrZDU4w0dE="},"chainType":2,"messageKeys":{}},"Bby04SDxiiL+xoynXZlhy/dxlK0g1aDxORR+70Unn6Y7":{"chainKey":{"counter":-1,"key":"k5Lbds5ykizeG6uc2/UQaPh6xAvVnNBhwIfaI74V9mU="},"chainType":1,"messageKeys":{}}}}},"version":"v1"}