{"_sessions":{"BU96IgL/EoBmJZUaKZvNLBRmhk3kmYvqev3nsx+653R9":{"registrationId":213252535,"currentRatchet":{"ephemeralKeyPair":{"pubKey":"BR7aAXO6uQKSwan1JiWwa/m8U4+RVmgWXXSLkaAnRqBb","privKey":"EEPwEzGOiUhYw+hdppfgEtZuNyd3x+08NeRJitP4BF8="},"lastRemoteEphemeralKey":"BdWXCQ+aEcCF6i4dB3Uq70h9XCOPPIWsNffzxNlsct1l","previousCounter":0,"rootKey":"ykutjVbFWE0VEa1IgfQu+lf3PfEDr11U3MuNyg2/lyY="},"indexInfo":{"baseKey":"BU96IgL/EoBmJZUaKZvNLBRmhk3kmYvqev3nsx+653R9","baseKeyType":2,"closed":-1,"used":1751248279135,"created":1751248279135,"remoteIdentityKey":"BYeKHOkbyDeRcDSEisLvuWUmNrt/9yDNWkm9pbXSZoVr"},"_chains":{"BdWXCQ+aEcCF6i4dB3Uq70h9XCOPPIWsNffzxNlsct1l":{"chainKey":{"counter":7,"key":"/5NqvfLlvLr+NjbiBIL0FC5HRaD3MagmSS6PV9+4cNc="},"chainType":2,"messageKeys":{}},"BR7aAXO6uQKSwan1JiWwa/m8U4+RVmgWXXSLkaAnRqBb":{"chainKey":{"counter":-1,"key":"+2/ttogm7ATL2jdhHKOA7IjNUQt7CGRvksvOti2ajOk="},"chainType":1,"messageKeys":{}}}}},"version":"v1"}