{"_sessions":{"BSUT8NBAP3HbeOLrPRcn95Yc07VIIA/9au9Tuu+QxC1o":{"registrationId":1087611102,"currentRatchet":{"ephemeralKeyPair":{"pubKey":"BXRSqtXEBuqOUeCWSzJgH48PP5bwU352iCgAp39L/Jx9","privKey":"CNudF4ssQBO+z/bSshGCE+v3QFp0c1GdvOC4WlOlq3E="},"lastRemoteEphemeralKey":"Bfx9DvRnG3n5dn2pWnhabhsBPuPrO1LxrebbfLcHjKhf","previousCounter":0,"rootKey":"SS8V6qSb6rIRRad0PzcCdE/4ovUqLijHTWCtHRwVqOU="},"indexInfo":{"baseKey":"BSUT8NBAP3HbeOLrPRcn95Yc07VIIA/9au9Tuu+QxC1o","baseKeyType":2,"closed":-1,"used":1751337580349,"created":1751337580349,"remoteIdentityKey":"BXPNeMXfI4Q7l1WGl53TnQSYIkJcyHdufqE5m2ixNgkK"},"_chains":{"Bfx9DvRnG3n5dn2pWnhabhsBPuPrO1LxrebbfLcHjKhf":{"chainKey":{"counter":0,"key":"8MYBzflcTroDl+p3A+zl3TKSM/Aq48wt1arhUSusAhc="},"chainType":2,"messageKeys":{}},"BXRSqtXEBuqOUeCWSzJgH48PP5bwU352iCgAp39L/Jx9":{"chainKey":{"counter":-1,"key":"xsfB8KlKSoX6lJAfM+S/Dm/4KRDnvr0i9Cf/PguwAKU="},"chainType":1,"messageKeys":{}}}}},"version":"v1"}